.rownames	city	confirmed	code	province	latitude	longitude	elementary_school_count	kindergarten_count	university_count	academy_ratio	elderly_population_ratio	elderly_alone_ratio	nursing_home_count	class	.fittedPC1	.fittedPC2	.fittedPC3	.fittedPC4	.fittedPC5	.fittedPC6	.fittedPC7
1	Andong-si	50	60110	Gyeongsangbuk-do	36.568441	128.729551	30	42	3	1.57	23.95	12.4	290	4. High	-0.19299539764056312	-0.48932085828742433	0.1708601706745527	-0.9396510998520174	0.2258949270059109	-0.020040294846096356	0.08756835500388578
2	Ansan-si	16	20150	Gyeonggi-do	37.321863	126.83092	54	94	4	1.49	10.35	4.6	1024	3. Moderate	-3.2877434066517544	-0.5860428973102514	0.4348501788847844	0.3590770719576649	-0.24186314578273652	0.13509856210242072	-0.15600414716035482
3	Anseong-si	2	20160	Gyeonggi-do	37.008008	127.279763	35	51	3	1.27	16.95	7.2	271	2. Low	-0.9057519016657056	-0.05728336507660794	0.8989552155227283	-0.11115892169065489	0.36402361034864017	-0.09151854176348678	0.0835336848518331
4	Anyang-si	18	20170	Gyeonggi-do	37.394258	126.956752	41	79	4	1.86	12.88	5.1	1099	3. Moderate	-2.956990213375469	-0.10084765606523696	0.049639124023108355	-0.34064857344307087	-0.6008822672944111	0.29147226452160546	0.014926856429419289
5	Asan-si	10	41100	Chungcheongnam-do	36.789844	127.00242	46	60	3	1.29	12.89	6.1	435	3. Moderate	-1.6700371428311083	-0.11655568928107876	0.8205582440521498	0.24838527773785082	0.39959787608152747	-0.2805134541400262	-0.17138022252099647
6	Bonghwa-gun	71	60080	Gyeongsangbuk-do	36.893099	128.732568	14	17	0	0.37	35.26	20	47	4. High	2.9156095343232353	-1.1481156346835557	-0.1652265103159264	0.31574013945932566	-0.13212040135774258	0.07171506781896622	0.06724688447857424
7	Bucheon-si	70	20110	Gyeonggi-do	37.503393	126.766049	64	124	4	1.51	12.77	5.4	1432	4. High	-4.063056364878856	-1.4053028850121458	-0.23460079587698182	0.7008600150445276	-0.569549306781745	0.3763606682134495	0.009996130779961745
8	Buk-gu	10	11080	Busan	35.197483	128.990224	27	37	1	1.35	16.04	8.4	465	3. Moderate	-0.3960034561817485	0.6222929076530399	0.017370267886946504	0.3171416072417294	0.06796779327132405	-0.05438562140279137	-0.16872890075938027
9	Buk-gu	10	12050	Daegu	35.892506	128.583779	38	73	4	1.43	13.95	6.3	748	3. Moderate	-2.1350447913835846	-0.30467913842362254	0.6986944131453359	-0.14639693491926126	-0.27494943043647646	0.2876232084295499	-0.037674586200625276
10	Buk-gu	10	13040	Gwangju	35.174434	126.912061	46	105	6	2.13	14.35	6.9	782	3. Moderate	-3.400969742816373	-0.9134273424072221	0.5546510953124709	-1.272321729055823	0.15832054519898545	0.6920047644815641	0.11695277636113784
11	Buk-gu	10	16030	Ulsan	35.582685	129.36124	22	45	0	1.73	7.69	3.4	211	3. Moderate	-0.9237960148637806	1.9496319325955738	0.1444737441134101	0.5760912017104198	0.9383578304492004	0.22599792818247436	-0.12905007028364182
12	Bupyeong-gu	15	14060	Incheon	37.507031	126.721804	42	66	0	1.27	13.83	6.2	847	3. Moderate	-1.4280969396484149	0.3319234171712804	-0.5933807866768154	1.3729246904025973	0.003791298044328868	-0.06188497513677878	-0.07837896881068085
13	Busanjin-gu	13	11070	Busan	35.163332	129.053058	32	43	3	1.62	19.01	8.7	986	3. Moderate	-1.3905891763385203	-0.04790510376929187	-0.21014557073068696	-0.44851972356491515	-0.9336284540450496	-0.09728713482034963	-0.031230096157072725
14	Buyeo-gun	11	41070	Chungcheongnam-do	36.275673	126.90979	24	27	1	0.79	33.3	17.4	137	3. Moderate	1.8257238696169005	-1.1400097580155866	-0.16400798805789188	-0.10528149596308864	0.04575552526720953	-0.12283121433830714	0.2218887942964009
15	Changnyeong-gun	9	61120	Gyeongsangnam-do	35.544603	128.49233	17	20	0	0.8	29.8	18.4	129	3. Moderate	2.135427600394085	-0.5977908581149664	-0.3852938826658617	0.1357130002185914	0.07677496125849005	0.05848347761763455	-0.17988429148428958
16	Changwon-si	29	61130	Gyeongsangnam-do	35.227992	128.681815	110	195	5	1.84	13.64	6.5	1701	4. High	-6.354546662010806	-3.461490916644731	-0.986853334098947	1.0179915831796709	0.3912160282404025	0.18107070378896375	0.09862869469003747
17	Cheonan-si	106	41120	Chungcheongnam-do	36.81498	127.113868	75	112	6	1.91	10.42	4.5	1069	4. High	-4.575559672570935	-1.4206985469328004	0.5294209026293878	-0.3931370909041472	0.13095615755423667	-0.2314836563425497	-0.1357588260362073
18	Cheongdo-gun	43	60200	Gyeongsangbuk-do	35.647361	128.734382	11	14	0	0.63	36.55	21	85	4. High	2.9642677297308158	-1.0602389269626136	-0.49697854986812634	-0.0791112469330316	-0.1712403486459127	0.13799341911365634	0.08391681252254726
19	Cheongju-si	12	40100	Chungcheongbuk-do	36.641876	127.488759	92	131	8	1.67	12.82	6	1420	3. Moderate	-5.484434437649571	-2.8404888138812705	0.7581970198277512	-0.48533035621577025	-0.45895034130195544	-0.412516368430399	-0.20317941651559795
20	Cheongsong-gun	2	60210	Gyeongsangbuk-do	36.436301	129.05708	8	8	0	0.51	36.08	19.4	55	2. Low	3.061630631624827	-0.8260758677604315	-0.22902705371088583	0.045397596470365925	-0.28251042959264394	0.07923701624223917	0.20145144597489598
21	Chilgok-gun	50	60220	Gyeongsangbuk-do	35.995529	128.401735	21	32	2	1.48	15.17	6.7	151	4. High	-0.3352732925601926	0.940199037127425	0.7134244665417405	-0.2636112380025945	0.42913891261662584	0.027747661055885206	0.013293362316017661
22	Chuncheon-si	5	30130	Gangwon-do	37.881281	127.730088	40	43	5	1.5	17.1	7.6	472	2. Low	-1.5505834670740406	-0.3986568341902766	1.1362925168143323	-0.9773203747805655	-0.1511461557245657	-0.38017327632787073	-0.061982766963456566
23	Chungju-si	11	40110	Chungcheongbuk-do	36.991009	127.925946	37	44	2	1.39	19.07	9	347	3. Moderate	-0.5967839837543273	-0.0504938154339432	0.22805997107765638	-0.045703495227725884	0.36170214337027723	-0.2887899766043744	0.019505020602196308
24	Daedeok-gu	3	15010	Daejeon	36.346713	127.415597	21	29	2	1.35	14.97	6.9	310	2. Low	-0.3679044943392823	0.8732807332699003	0.6737590690969214	-0.09359080279309766	0.05144906924290619	-0.018962663678140805	-0.08777704624751276
25	Dalseo-gu	4	12020	Daegu	35.830128	128.532635	55	78	3	1.72	13.56	6.5	1064	2. Low	-2.8203276107189406	-0.45664430999278527	-0.307077147149374	0.185922780732266	-0.24240730295394464	-0.21857241249608564	-0.16651473367204517
26	Dalseong-gun	1	12030	Daegu	35.77475	128.431314	32	47	1	1.51	12.11	5.4	361	2. Low	-1.0033099180281966	0.9588113414236165	0.211713175824278	0.45630551565379657	0.555981376831488	-0.07721565787186509	-0.09040541076219145
27	Danyang-gun	1	40020	Chungcheongbuk-do	36.984657	128.365476	11	11	0	0.5	29.52	15.8	52	2. Low	2.415141025841191	-0.27926084755441566	0.15829906740152394	0.4238498447387175	-0.12192275974610854	0.009566918354409294	0.05612808602821468
28	Dobong-gu	7	10100	Seoul	37.668952	127.047082	23	26	1	0.95	17.89	7.2	485	3. Moderate	0.02961055600760201	0.615195449598591	0.40331020484927377	0.6398563020078939	-0.36602607808592563	-0.19930756446600378	0.03658168524545876
29	Dong-gu	12	11050	Busan	35.129432	129.04554	7	9	0	0.83	25.42	13.8	239	3. Moderate	1.8386764741928163	0.37926279710741817	-0.04428990409890102	0.26332228274358277	-0.34352586867408313	0.11914375389323437	-0.04945918162911282
30	Dong-gu	12	12040	Daegu	35.886836	128.635537	32	58	0	1.15	18.81	9	649	3. Moderate	-0.45197617041262367	0.11594268965705246	-0.5249935657198771	1.0330167364914316	0.005949379265401283	0.15059460138682254	0.053804584071056843
31	Dong-gu	12	13030	Gwangju	35.14626	126.92313300000001	11	18	3	2.88	21.59	8.8	327	3. Moderate	-0.6268764078977137	1.3650704847396569	-0.557119341047014	-2.500322410560266	0.24974085754994774	0.12082996484946665	0.40779097142369586
32	Dong-gu	12	14050	Incheon	37.474101	126.643266	8	12	1	0.68	21.62	10.5	122	3. Moderate	1.3872019421821404	0.5526971496691812	0.8191428691465149	0.3227114098655819	-0.24882861187718314	0.10206514524850058	0.00808273776868398
33	Dong-gu	12	15020	Daejeon	36.31204	127.454742	23	35	4	0.93	18.16	8.1	447	3. Moderate	-0.49882591220681444	-0.1348790056525277	1.3804712703398552	-0.31726278351524395	-0.6201600452698721	0.05306593770932515	-0.02971726913681706
34	Dong-gu	12	16020	Ulsan	35.504806	129.416575	16	25	1	1.73	11.68	4.4	242	3. Moderate	-0.5109214400192293	1.8250089202866386	0.3553270234271093	-0.09083428699843864	0.4044160035466139	0.03469771127309897	-0.0070353018029524475
35	Dongdaemun-gu	30	10110	Seoul	37.574552	127.039721	21	31	4	1.06	17.26	6.7	832	4. High	-0.9678546828768329	0.1358203884905227	1.018450593682667	-0.29418231928282756	-1.3328060159405446	0.0270191841964674	-0.011195049251648197
36	Dongducheon-si	4	20100	Gyeonggi-do	37.903568	127.060347	11	19	1	1.03	19.56	9.7	140	2. Low	0.8788093936844084	0.7718943814519013	0.5709650402455699	0.11679270086963969	0.0277811245340115	0.14186548759658332	-0.014420050054209998
37	Dongjak-gu	28	10120	Seoul	37.510571	126.963604	21	34	3	1.17	15.85	5.2	762	4. High	-0.9892442351983974	0.5586650310293511	0.7753981522224864	0.011885232919468958	-0.9782208304399943	0.041510870848954086	0.09829399236447811
38	Dongnae-gu	33	11060	Busan	35.20506	129.083673	22	31	0	1.98	17.53	7.7	608	4. High	-0.4946085653756479	1.2926204197572595	-0.965846746967657	-0.08936038141444023	0.06854643450473154	-0.04287066107837489	0.09286107728851156
39	Eumseong-gun	6	40060	Chungcheongbuk-do	36.940237	127.690502	21	24	2	0.88	20.33	9.2	169	2. Low	0.49143726619577244	0.2097192908405846	0.9383237818264556	0.09856623802712096	-0.02905078208944732	-0.1323517128831602	0.04765478141381397
40	Eunpyeong-gu	26	10220	Seoul	37.603481	126.929173	31	44	1	1.09	17	6.5	874	4. High	-0.870469100826012	0.35109823618549363	-0.1243438611070048	0.8845373505246767	-0.7035170514316248	-0.12491875180144793	0.049960228472562165
41	Gangbuk-gu	5	10030	Seoul	37.639938	127.025508	14	21	0	0.67	19.49	8.5	628	2. Low	0.6460168220020027	0.6967857721989579	0.1170043444569528	1.0988547820185466	-0.8457998418479139	0.030897533973554908	-1.6167194912598408e-4
42	Gangdong-gu	13	10020	Seoul	37.530492	127.123837	27	32	0	1.54	14.55	5.4	1023	3. Moderate	-1.0403938661263492	1.213958609862104	-0.8034570973268772	0.7580146942895275	-0.7777346996152579	-0.22625925557293083	-0.04224112633650034
43	Gangnam-gu	53	10010	Seoul	37.518421	127.047222	33	38	0	4.18	13.17	4.3	3088	4. High	-4.710612793189625	2.3145224373187676	-5.052941349269477	-1.207673953984756	-3.1510541987914547	-0.24415924298932093	-0.09649816697055787
44	Gangneung-si	7	30010	Gangwon-do	37.75197	128.875928	34	36	4	1.9	20.46	9.6	347	3. Moderate	-0.9751413355998324	-0.10540748971622778	0.41674328412213074	-1.404059920076647	0.19494544107408648	-0.30307592817017603	0.06862724292743975
45	Gangseo-gu	27	10040	Seoul	37.551166	126.849506	36	56	1	1.17	14.39	5.7	1080	4. High	-1.5270841124507695	0.321085836633452	-0.32939653044126443	1.1055428417759707	-0.8123946858711346	-0.046311155623575455	-0.06564249776872437
46	Gangseo-gu	27	11010	Busan	35.212424	128.98068	17	21	0	1.43	11.84	5	147	4. High	-0.0038150229919567285	1.8224974706693413	0.34005204395591526	0.4821614834684075	0.5511798525377212	-0.08670455366342375	-0.09483697035794002
47	Gapyeong-gun	1	20010	Gyeonggi-do	37.831297	127.509555	13	14	0	0.88	25.09	12	114	2. Low	1.603355544748119	0.395653977859331	0.09468755145947921	0.3467242289667072	0.05219486249265048	-0.055513758351793646	0.15502420655793775
48	Geochang-gun	19	61020	Gyeongsangnam-do	35.686526	127.910021	17	16	2	1.25	27.01	17.4	127	3. Moderate	1.3740531917280219	-0.4400214743206329	0.047212358786174344	-0.9263196677622235	0.029346735941008922	0.02417213268632004	-0.3034208451055339
49	Geoje-si	6	61010	Gyeongsangnam-do	34.880519	128.621216	38	58	1	1.76	10.22	4.7	317	2. Low	-1.4951644406277662	0.9996546869381074	0.07206843261973199	0.3881911183023131	0.985120241278485	-0.06842084498046169	-0.10319977356351645
50	Geumcheon-gu	13	10080	Seoul	37.456852	126.895229	18	19	0	0.96	16.15	6.7	475	3. Moderate	0.2833301281321586	1.1389149594020753	0.1989154713602722	0.918297169212945	-0.3350994652685265	-0.16526593795600894	-0.05139762233769333
51	Geumjeong-gu	6	11020	Busan	35.243053	129.092163	22	28	4	1.64	19.8	8.4	466	2. Low	-0.7065244408681778	0.23990934493961388	0.7029627522031123	-1.1941628118661767	-0.4232988735342638	-0.05678307760886595	0.11841539122138733
52	Gijang-gun	1	11030	Busan	35.244881	129.222253	21	35	0	1.31	15.45	7.4	229	2. Low	0.07331513932422819	1.0979084024380736	0.06148642258795602	0.5903168371205925	0.4986376583889921	0.0746840838852556	-0.0309859139086011
53	Gimcheon-si	24	60060	Gyeongsangbuk-do	36.139875	128.11365	27	37	2	0.89	22.35	12.2	212	4. High	0.46609028294030896	-0.43601845300866043	0.5928720477651043	0.08086324443653892	0.10611611165565388	-0.020271598127604384	-0.08913357278111789
54	Gimhae-si	10	61040	Gyeongsangnam-do	35.228678	128.889352	58	91	4	2.1	10.74	5.3	711	3. Moderate	-3.323862610198814	-0.3434661586809304	0.14554450779416986	-0.4287394592096524	0.6631875072807732	-0.05623203755360973	-0.11740263068125939
55	Gimje-si	1	50030	Jeollabuk-do	35.803506	126.880507	36	40	0	1.11	30.89	17.9	188	2. Low	1.2961415533326535	-1.1236994120645096	-0.8809873528121465	0.15033240607124032	0.6031612635209573	-0.25691787741769057	0.010041728908532914
56	Gimpo-si	13	20080	Gyeonggi-do	37.615238	126.715601	43	90	2	1.74	12.1	4.4	604	3. Moderate	-2.3383085425503167	0.20648537242668744	-0.009000333678584369	0.42671730987127143	0.6627834601335888	0.377778654071957	0.1855034900494752
57	Goesan-gun	11	40010	Chungcheongbuk-do	36.81534	127.786651	14	15	1	0.36	33.01	16.5	64	3. Moderate	2.4063319102575766	-0.906208774038575	0.4271809700214315	0.19211198645541513	-0.30668657541047756	-0.03256416064983834	0.24905849767879637
58	Goryeong-gun	9	60030	Gyeongsangbuk-do	35.72615	128.26295	9	9	0	0.62	30.17	15.9	62	3. Moderate	2.4428945847285997	-0.1893579796982811	0.035726694873850495	0.24206800057878322	-0.14549421653793299	0.037307599185273176	0.11140638689026698
59	Goseong-gun	2	30020	Gangwon-do	38.380571	128.467827	13	11	1	0.48	28.53	14.6	41	2. Low	2.0863279862447826	-0.36688425985035694	0.605138424968434	0.2081815949937283	-0.2022400109326953	-0.07174553762987666	0.08460290308068269
60	Goseong-gun	2	61030	Gyeongsangnam-do	34.972986	128.322246	19	18	0	1.3	30.17	18.2	89	2. Low	1.881177505432853	-0.34523370886083876	-0.7867744477057619	-0.41448528950859315	0.3965906464791067	-0.061827223811068546	-0.0833390416376219
61	Goyang-si	25	20020	Gyeonggi-do	37.658363	126.831961	84	171	2	1.88	12.82	5.2	1608	4. High	-5.05261641626062	-1.8412614275286914	-1.622892751314577	1.5683696272035392	0.320841985393294	0.5613230337061774	0.24348650427219679
62	Gumi-si	67	60040	Gyeongsangbuk-do	36.119641	128.344295	50	104	3	1.96	9.08	4.3	616	4. High	-3.1148661643956372	-0.007320566213692715	0.14610959299626242	0.11680082891056451	0.9081527274819146	0.46420583004174015	-0.00901782010962779
63	Gunpo-si	29	20070	Gyeonggi-do	37.361653	126.935206	26	49	1	1.58	12.42	5.4	429	4. High	-0.9877497614924433	1.0879720803366761	0.1054933736264521	0.3500117888821493	0.3754064601732831	0.17835511946756408	-0.02346934168545254
64	Gunsan-si	3	50020	Jeollabuk-do	35.967631	126.737011	56	67	5	2.04	18.07	8.8	494	2. Low	-2.3604758927505305	-0.9016545891289345	0.3962736593445034	-1.2933707406994575	0.5515442122429975	-0.4486109734371424	-0.006214592482367144
65	Gunwi-gun	6	60050	Gyeongsangbuk-do	36.242926	128.572939	7	8	0	0.25	38.87	21.6	41	2. Low	3.520830370184889	-1.277562303487024	-0.1912685663512845	0.14931864712475357	-0.42751351946816735	0.14286999035510256	0.16435687660639406
66	Guri-si	4	20060	Gyeonggi-do	37.594267	127.129549	16	30	0	1.94	12.88	5.1	418	2. Low	-0.561384439217893	1.9192637416009504	-0.42085458951839105	0.04766516181106686	0.3449586657247847	0.13148181437184034	0.05110075633034363
67	Guro-gu	34	10070	Seoul	37.495632	126.88765	26	34	3	1	16.21	5.7	741	4. High	-0.9292113536362258	0.29056919282810145	0.8750673423131375	0.20906278721761193	-0.9377078351447753	-0.13099903994420428	0.02833585857977014
68	Gwacheon-si	6	20030	Gyeonggi-do	37.42915	126.987616	4	7	0	1.36	13.98	5.7	92	2. Low	0.6713268149233321	2.078969873096111	0.4615745534548949	0.22294450814017022	0.238965687111918	0.09301636263871335	-0.001799491776535855
69	Gwanak-gu	41	10050	Seoul	37.47829	126.951502	22	33	1	0.89	15.12	4.9	909	4. High	-0.6711854185904911	0.8051419303149502	0.2415976625783444	1.0568488529944722	-1.0983540752427376	-0.04434489512609534	0.029295224311063527
70	Gwangjin-gu	7	10060	Seoul	37.538712	127.082366	22	33	3	1.16	13.75	4.8	723	3. Moderate	-1.0849842079843477	0.6945527537265984	0.9061073195252141	0.0821365406223939	-0.8725255585275106	0.001826500921920573	-0.04097211816116936
71	Gwangju-si	13	20050	Gyeonggi-do	37.429322	127.255153	27	42	2	1.09	12.65	4	406	3. Moderate	-0.8962147268994574	0.7961529725462027	0.9674857399165999	0.5553803688158162	-0.008705309958003128	-0.03648167217317977	0.04545001183071224
72	Gwangmyeong-si	12	20040	Gyeonggi-do	37.478541	126.864648	25	48	0	1.73	13.25	5.8	530	3. Moderate	-0.8828396420573533	1.2963250340697916	-0.496582826867002	0.49604642866026283	0.3570102274322066	0.1840591993105225	0.014391497824930979
73	Gwangyang-si	1	51040	Jeollanam-do	34.940611	127.696142	28	37	2	1.63	12.65	6.8	210	2. Low	-0.7911673166728794	0.9231610330213129	0.5451620481665638	-0.23917670655429757	0.5980590562057326	-0.08192132221541941	-0.21647309150494437
74	Gyeongju-si	48	60020	Gyeongsangbuk-do	35.856185	129.224796	43	61	4	1.34	21.66	11	407	4. High	-1.05186883872629	-1.0946979953034959	0.6132024472469156	-0.594127958265927	0.1922105773712908	-0.10544214847849037	0.032382596509949936
75	Gyeongsan-si	628	60010	Gyeongsangbuk-do	35.825056	128.741544	31	61	10	1.34	16.18	7	427	4. High	-2.4329061817252553	-1.2959766386696578	3.059615100201832	-2.3756716153354405	-0.7861942819674341	0.3771850098158629	0.0018972442486177782
76	Gyeryong-si	1	41010	Chungcheongnam-do	36.274481	127.248557	5	8	0	1.3	11.3	5.1	61	2. Low	0.5310015095111763	2.2119123748030964	0.6517545714155376	0.3876248149017635	0.33254972247060344	0.09503749541385477	-0.16306343403498672
77	Gyeyang-gu	7	14020	Incheon	37.537537	126.737712	26	36	2	1.25	11.81	5.2	477	3. Moderate	-0.9169041465641624	0.9109312538995075	0.7414952794630927	0.3240803557633671	-0.11448774341636647	-0.0646780153440089	-0.18942261225497498
78	Haeundae-gu	20	11160	Busan	35.16336	129.163594	33	39	1	1.63	16.53	7.9	814	4. High	-1.0260425126883381	0.5758959285183697	-0.5943428160798631	0.216940235266068	-0.331712208663081	-0.24087457884507116	-0.12000862812030505
79	Haman-gun	1	61160	Gyeongsangnam-do	35.272481	128.40654	16	20	0	1.19	23.74	14.7	94	2. Low	1.4325032686393622	0.2816415720340593	-0.2921345773891199	-2.6924868221825035e-4	0.38204414421986566	0.06628858929140437	-0.2150906857912416
80	Hamyang-gun	1	61170	Gyeongsangnam-do	35.520541	127.725177	13	12	0	1.01	32.65	20.9	83	2. Low	2.543720047562589	-0.6544167899559924	-0.7037004213014112	-0.3823248818195941	0.09026272043166955	0.08374484269377905	-0.21761977568330554
81	Hanam-si	3	20300	Gyeonggi-do	37.53926	127.214944	20	34	0	1.16	12.43	4.8	381	2. Low	-0.2682353919743596	1.407378991630492	0.2874991552553056	0.9724288987404642	0.1523991503467709	0.0539340736351961	-0.03379814198161365
82	Hapcheon-gun	8	61180	Gyeongsangnam-do	35.566702	128.16587	17	15	0	0.71	38.44	24.7	96	3. Moderate	3.1124238331298626	-1.5785740098273076	-0.875668193828636	-0.2965789829993009	-0.04796861569629286	0.03474721225762501	-0.20166890459393388
83	Hongseong-gun	2	41150	Chungcheongnam-do	36.60126	126.660772	21	26	2	1.35	23.11	11.3	179	2. Low	0.4727319703904642	0.11839683839121644	0.315182503948851	-0.5502946439038972	0.16391443914990403	-0.05953026474797625	0.10681234293115531
84	Hwaseong-si	20	20310	Gyeonggi-do	37.199536	126.83133	92	167	6	1.72	8.58	3.3	1001	4. High	-5.584548839495602	-2.3313721353058505	0.6440049850533286	0.4566788252495863	0.9843608135927733	0.2357130668649222	0.06562935404452207
85	Hwasun-gun	1	51220	Jeollanam-do	35.064456	126.986643	16	19	0	1.32	26.14	17.4	132	2. Low	1.6344366821535303	0.004355382646698647	-0.6613802258113648	-0.30878953047197283	0.34407321188609735	0.10160958893973286	-0.31939590482930086
86	Icheon-si	10	20260	Gyeonggi-do	37.272169	127.434991	31	51	2	1.76	13.71	5.8	333	3. Moderate	-1.2195918008124405	0.7734277412828847	0.2808760521591147	-0.19103444698996797	0.5903343054699263	0.04636217961854683	0.04878856661941343
87	Iksan-si	1	50090	Jeollabuk-do	35.948229	126.957792	60	83	2	2.18	18.85	9.3	556	2. Low	-2.156014759098031	-0.6370842756703462	-0.904005047274525	-0.32112534726704606	1.1098011972449393	-0.3140538028787656	0.12248517373899326
88	Inje-gun	1	30100	Gangwon-do	38.069682	128.170335	13	15	0	0.88	19.88	10.4	46	2. Low	1.2955045729847128	0.8112095768889366	0.40843104979784783	0.5296426576349292	0.25917418283129395	-0.013207901357530777	-0.08853989024476298
89	Jeonju-si	7	50120	Jeollabuk-do	35.824069	127.14805	73	120	7	3.02	14.4	6.8	1381	3. Moderate	-5.361260138859209	-1.4931551571457276	-0.6601432950805414	-1.9755732974828921	-0.05722020000725938	0.05528899642043973	0.0544835065535567
90	Jeungpyeong-gun	2	40080	Chungcheongbuk-do	36.785301	127.581481	4	5	0	1.39	16.59	8.7	62	2. Low	1.0323880410337463	1.731883627837627	0.22492057823127581	-0.025726269422575554	0.2679957587249859	0.11177817394031479	-0.12800068513334295
91	Jincheon-gun	1	40090	Chungcheongbuk-do	36.855374	127.435635	15	16	0	1.15	16.16	8.3	121	2. Low	0.7048516126350771	1.2669726872522888	0.31763854633554733	0.4725177312461841	0.3383829656500753	-0.07403403402530724	-0.1520361859741303
92	Jinju-si	9	61110	Gyeongsangnam-do	35.180313	128.10875	45	53	6	2.49	16.27	8.6	597	3. Moderate	-2.5879779284062323	-0.32526470166629984	0.4077718591706202	-2.232547224753138	0.15369380531066218	-0.2857835443734628	-0.1405700530920181
93	Jongno-gu	16	10230	Seoul	37.572999	126.979189	13	17	3	1.71	18.27	6.8	668	3. Moderate	-0.6112101379223297	0.9830124994739641	0.3268310545312609	-0.9368960140503261	-0.8696563204406044	0.010712203744091169	0.14311892252966626
94	Jung-gu	22	10240	Seoul	37.563988	126.99753	12	14	2	0.94	18.42	7.4	728	4. High	0.045040192183776535	0.7354309124276854	0.5769961854690537	0.18512886326434377	-1.256398642251735	-0.018133067660526497	-0.010153638904451054
95	Jung-gu	22	11150	Busan	35.106321	129.032256	4	4	0	1.36	26	13	182	4. High	1.692679491482496	0.8396101649845039	-0.39188565463498404	-0.37760922725655094	-0.09827085106083727	0.0970317312822387	0.15061447679825601
96	Jung-gu	22	12080	Daegu	35.869551	128.606184	10	12	0	4.03	20.29	9.6	594	4. High	-0.8821311038788663	2.6067564085125188	-2.7986201365783345	-2.7209025566848153	0.6578766664405875	0.054618112434400304	0.30077069535926587
97	Jung-gu	22	14100	Incheon	37.473761	126.621693	14	17	0	0.8	14.14	6.7	177	4. High	0.6525008451749892	1.3211585582185412	0.719804501968738	0.9856530674151521	0.08279548574186286	-0.04218263539383386	-0.17884189506150258
98	Jung-gu	22	15050	Daejeon	36.325735	127.421317	27	43	1	1.43	18.39	8.2	518	4. High	-0.4601977388674855	0.4790947909896095	-0.18126295166696352	0.2410143195484108	0.025060396944958187	0.026957468677609703	0.09075776227776754
99	Jung-gu	22	16050	Ulsan	35.569468	129.332773	21	37	0	2.03	14.15	6.5	323	4. High	-0.5573395993326651	1.6021018083353331	-0.5692695270058118	-0.07166389040434257	0.7012974127798156	0.11514742265172206	0.03905817128742971
100	Jungnang-gu	16	10250	Seoul	37.606832	127.092656	23	31	1	0.7	16.65	6.9	689	3. Moderate	-0.15585500299966212	0.48381045657584376	0.46322665043773775	1.0604773908659775	-0.7964863776791717	-0.08698419863909278	-0.07061800014375992
101	Mapo-gu	19	10130	Seoul	37.566283	126.901644	22	24	2	1.83	14.05	4.9	929	3. Moderate	-1.3346797621893436	1.2931253885897478	-0.2016858625769535	-0.32071558069409534	-0.8872137929662339	-0.1815614984472371	-0.02542971100484795
102	Michuhol-gu	11	14030	Incheon	37.463572	126.65027	29	43	2	0.9	16.29	6.8	643	3. Moderate	-0.6964721308859471	0.16834041867101646	0.6201458545693617	0.660302319003967	-0.5317451373359854	-0.04555687466998385	-0.03536750973888945
103	Miryang-si	5	61060	Gyeongsangnam-do	35.503827	128.746604	21	25	0	1.39	27.31	16.3	178	2. Low	1.3610117885930926	-0.12135663278639555	-0.7882051279072839	-0.25861034285583195	0.4073960567733208	-0.010370588278852198	-0.08413861137357617
104	Mokpo-si	5	51080	Jeollanam-do	34.811809	126.392198	33	55	3	2.11	15.88	8.8	406	2. Low	-1.4433043546807933	0.31168149066530715	-0.012372678827684995	-1.004798030471445	0.545324369750619	0.14202607707310444	-0.08677213562488703
105	Muan-gun	2	51090	Jeollanam-do	34.990368	126.481653	18	21	2	2.12	20.82	11.8	141	2. Low	0.12601722989740255	0.7568513412149888	-0.24003586987604025	-1.4259362003483946	0.5425536336376277	0.006144830889980512	-0.06539632699207712
106	Mungyeong-si	4	60070	Gyeongsangbuk-do	36.586831	128.18709	17	26	1	1.18	29.25	17.1	147	2. Low	1.5435062581271297	-0.5066021700522311	-0.32479601805812935	-0.48649115131458226	0.1469264599043563	0.16492149174283946	-0.01540589028147796
107	Nam-gu	28	11040	Busan	35.136789	129.08414	21	27	4	1.24	19.13	7.9	475	4. High	-0.5261501170390045	0.13149540658740738	1.0972424774402612	-0.7376718864081804	-0.6489346838762685	-0.05096060051385087	0.0710223993462328
108	Nam-gu	28	12010	Daegu	35.8463	128.597723	11	15	2	0.85	22.49	10.4	345	4. High	0.8477872768349439	0.2849487496117977	0.7415395327880558	-0.07975434035536998	-0.6472687601128947	0.0625724644559872	0.06098600493593305
109	Nam-gu	28	13020	Gwangju	35.132982	126.902379	23	44	4	2.63	16.76	7.5	427	4. High	-1.6368577710521888	0.8262534943951724	-0.018713571363423845	-2.037972114723804	0.3265281236233444	0.2513767301377908	0.1705790514399403
110	Nam-gu	28	16010	Ulsan	35.543833	129.330047	30	44	1	3.23	11.42	4.8	765	4. High	-2.3184595720643353	2.0107955436301603	-1.5986846759668425	-1.2663010024235102	0.5755881951008558	-0.04276331806434273	0.03803076418220462
111	Namdong-gu	10	14040	Incheon	37.44727	126.731429	38	77	0	1.39	12.68	5.5	955	3. Moderate	-1.742099436885527	0.47215515464626406	-0.7327199103230698	1.377959608244255	-0.09082323991294333	0.301600760260556	-0.015140618371758414
112	Namhae-gun	1	61050	Gyeongsangnam-do	34.837688	127.892595	13	10	1	1.03	36.92	23.3	88	2. Low	2.7378854782658997	-1.237987197935953	-0.6506946509173795	-0.9541563163337484	-0.11332605484650944	0.07575322049140747	-0.1537250993628485
113	Namyangju-si	23	20090	Gyeonggi-do	37.635791	127.216552	64	110	1	1.38	13.44	5	912	4. High	-2.807713308545686	-0.6909211986683458	-0.5812721376811734	1.5484045833377187	0.5825380600868476	0.00687455713928623	0.1519203695024338
114	Nowon-gu	23	10090	Seoul	37.654259	127.056294	42	66	6	1.39	15.4	7.4	952	4. High	-2.514673516293661	-0.911450345878268	1.091612371118345	-0.784337012365632	-0.9479928345241405	0.056061457753099675	-0.17282686386852078
115	Osan-si	7	20220	Gyeonggi-do	37.149854	127.077461	23	50	2	1.25	9.09	3.6	314	3. Moderate	-1.1110727576134312	1.1286105766012202	1.055167951852889	0.47552091974375565	0.2965354205129395	0.3062595618515211	-0.10999286406226953
116	Paju-si	6	20270	Gyeonggi-do	37.759818	126.7799	57	98	1	1.34	13.52	5.3	573	2. Low	-2.1661663724637075	-0.3929492982993459	-0.16297383733800747	1.3034927201445952	0.9582425642882341	0.01773141177820825	0.1476587058194219
117	Pocheon-si	11	20290	Gyeonggi-do	37.894881	127.200346	31	33	2	0.89	18.92	8.2	209	3. Moderate	-1.5261421349518575e-4	0.03387767102260214	0.9073081611693804	0.3450542409931761	0.171407885542733	-0.32501045856995225	0.03472291491726761
118	Pohang-si	50	60230	Gyeongsangbuk-do	36.019052	129.343645	66	117	4	1.51	16.44	8	877	4. High	-3.167743278735718	-1.705999831372221	0.05655553021713758	0.2787156260730397	0.3800347717020643	0.17684393268337203	0.07074190796485169
119	Pyeongtaek-si	37	20280	Gyeonggi-do	36.992293	127.112709	58	108	3	1.39	12.13	5.6	765	4. High	-2.9143601823973637	-0.848452740558273	0.27089129958298325	0.7626847574348973	0.49588748589456955	0.25074187194078085	-0.009866984428656213
120	Sacheon-si	2	61070	Gyeongsangnam-do	35.003668	128.064272	18	20	0	1.84	21.17	11.7	191	2. Low	0.6180825123401372	0.9656588145312016	-0.7178830043899486	-0.45997130508955497	0.5680332799742572	-0.056025897703351646	-0.04222026957207848
121	Saha-gu	10	11100	Busan	35.104642	128.974792	26	42	2	1.34	17.76	8.1	541	3. Moderate	-0.6156170554587963	0.3187569840007859	0.24210874362003293	0.020194029303351683	-0.2100158139783895	0.0651916725815325	0.019301497722995976
122	Samcheok-si	1	30040	Gangwon-do	37.449899	129.165365	19	17	0	1.01	24.26	13	94	2. Low	1.4162752001522438	0.2586080488824481	-0.07001968240929435	0.26074920211629604	0.3004782018408631	-0.16724872558623372	-0.02846706748498579
123	Sancheong-gun	1	61080	Gyeongsangnam-do	35.415544	127.87349	13	11	0	0.65	35.42	20.6	72	2. Low	2.877873538726069	-0.9655776137886397	-0.4487967862930802	-0.06147891263659601	-0.11601704477452011	0.00902850471118502	0.009410723868062368
124	Sangju-si	15	60090	Gyeongsangbuk-do	36.410977	128.159024	28	35	0	1.03	30.09	17.3	186	3. Moderate	1.4894084492080055	-0.8307727863342141	-0.6921337724887383	0.16463528845019723	0.3952162442541953	-0.07588637969702927	0.01636598847450142
125	Sasang-gu	2	11090	Busan	35.152777	128.991142	21	31	3	0.78	17	8.1	317	2. Low	-0.08434486947544681	0.14197402826013394	1.361101008768211	0.10971762537901639	-0.3716231432303557	0.040608375500269266	-0.12150960260441673
126	Seo-gu	31	11110	Busan	35.098135	129.024193	11	9	0	1.02	24.36	12.3	235	4. High	1.5022203379823937	0.5725499109587308	-0.11377386947366164	0.186135716252053	-0.1705731375691885	-0.05707471253484351	0.03379905286737737
127	Seo-gu	31	12060	Daegu	35.871993	128.559182	17	23	0	0.83	21.29	10.1	374	4. High	0.8952621509619412	0.49926281374614306	0.060116408454549325	0.7711250930095176	-0.2508404190479845	-0.018618698205635952	0.02799794193582658
128	Seo-gu	31	13050	Gwangju	35.152516	126.889614	30	55	0	2.5	13.52	6.1	676	4. High	-1.595783300652669	1.4621710951738047	-1.3779997825540673	-0.20547014314366543	0.6018545038278148	0.16162903059230407	0.07874747739838324
129	Seo-gu	31	14070	Incheon	37.545557	126.675994	44	80	0	1.4	10.02	3.9	670	4. High	-1.884959410119902	0.6235468347959909	-0.3360369996932418	1.4861354692667692	0.6003784815028366	0.12218677390386502	-0.021327267804160145
130	Seo-gu	31	15030	Daejeon	36.35553	127.383755	39	78	3	1.81	12.05	4.9	1123	4. High	-2.770689234661163	0.1727601518517105	-0.21360785482959396	0.05255651631559249	-0.5671484913096001	0.33363265227226	-0.02382968716704001
131	Seocho-gu	30	10150	Seoul	37.483804	127.032693	24	27	1	2.6	13.39	3.8	1465	4. High	-2.2496535241261935	1.8673517628115488	-1.6648563595185961	-0.5371675093248716	-1.3095324422743222	-0.21082381104512452	0.05877631153093574
132	Seodaemun-gu	18	10140	Seoul	37.579428	126.936771	19	25	6	1.12	16.77	6.2	587	3. Moderate	-1.0835671880031905	0.018007895780391962	1.9436981013237573	-1.1311574998655884	-1.2043087661264966	-0.004420680217688035	0.0024153427559005167
133	Seongbuk-gu	18	10170	Seoul	37.589562	127.0167	29	49	6	1.02	16.15	6	729	3. Moderate	-1.6931795903090323	-0.5114203667141064	1.8023388632098987	-0.6752352686572779	-1.1128696812949217	0.11921169343295078	0.02192793085448096
134	Seongdong-gu	8	10160	Seoul	37.563277	127.036647	21	30	2	0.97	14.76	5.3	593	3. Moderate	-0.5432555891168874	0.7550256750504113	0.8179288189240862	0.49383952834419853	-0.6480656185464192	-0.04292101549353902	-0.008749475163823897
135	Seongju-gun	22	60100	Gyeongsangbuk-do	35.919325	128.283237	12	15	0	0.59	30.89	15.9	84	4. High	2.3404682838990056	-0.38603534486596675	-0.015117096556366016	0.33760164773720636	-0.10526270474304783	0.03837421383655682	0.18460973481445683
136	Seongnam-si	118	20120	Gyeonggi-do	37.42	127.126703	72	127	3	2.08	13.52	5.6	2095	4. High	-4.952187854354282	-1.2845168078369538	-1.7988577522678362	0.7147364869663053	-1.2325271097019967	0.1534829640324093	-0.013523235628196928
137	Seosan-si	8	41080	Chungcheongnam-do	36.784751	126.450289	29	39	1	1.3	18.01	8.4	261	3. Moderate	-0.1541846220183038	0.448423957147061	0.1813689083880348	0.2861809429198592	0.4408326400739325	-0.1229693587135181	0.03157023385080493
138	Siheung-si	10	20140	Gyeonggi-do	37.38011	126.803009	46	74	2	1.55	8.86	3.8	622	3. Moderate	-2.3176148166832	0.43580414004247386	0.2944636910332848	0.6597565926095686	0.49047484614473025	-0.02382976409645244	-0.1580160330415162
139	Sokcho-si	3	30050	Gangwon-do	38.207022	128.591861	12	11	0	1.54	18.33	9.7	165	2. Low	0.7689221646872855	1.3667212098437427	-0.17680623136944845	-0.11450763506410423	0.32017271606883896	-0.0460526566958105	-0.10412259329890221
140	Songpa-gu	36	10180	Seoul	37.51462	127.106141	40	51	1	1.65	13.1	4.1	1527	4. High	-2.39130662789984	0.6835228823845639	-1.064970659723105	0.8424959432031185	-1.37483646556435	-0.30461004435712163	-0.06700492424251349
141	Suncheon-si	2	51110	Jeollanam-do	34.950592	127.487396	42	61	3	1.94	15.2	8.3	452	2. Low	-1.7155570250576408	0.01205597628353889	0.07009420992277997	-0.6327045766275157	0.5960541466543758	-0.07053667105022038	-0.1287711895233264
142	Suseong-gu	2	12070	Daegu	35.858395	128.630551	34	49	1	2.28	15	6.9	948	2. Low	-1.7877541372165537	0.9431529880398766	-1.2169541420740093	-0.27742360880946504	-0.14210371406863279	-0.07609493560382291	-0.03176707423566095
143	Suwon-si	49	20130	Gyeonggi-do	37.263376	127.02861300000001	99	192	4	1.72	10.5	4.5	2082	4. High	-6.4737800134516075	-2.7716344310964423	-1.309363643677821	1.63758279727449	-0.41219300546174137	0.4952536329890099	0.035812117364688305
144	Suyeong-gu	9	11120	Busan	35.145805	129.113194	10	22	0	1.56	20.4	8.2	395	3. Moderate	0.459055126691459	1.2775165581307852	-0.41739728176474217	0.01236861520586156	-0.06903865676134165	0.17444211600650594	0.2835709582764074
145	Taean-gun	1	41140	Chungcheongnam-do	36.745577	126.29795	19	20	0	0.83	29.98	13.8	112	2. Low	1.7924300831277995	-0.25501751125686334	-0.16147794718553463	0.3050313603145654	0.12349609854020006	-0.16675160476858636	0.36311237902046417
146	Taebaek-si	1	30140	Gangwon-do	37.16406	128.985736	12	12	1	1.16	23.88	12.8	64	2. Low	1.3535729611251874	0.4178196443301783	0.24042233658054843	-0.3296098038071446	0.13333906254180333	0.0021855139623378457	-0.020762938892081542
147	Uijeongbu-si	27	20250	Gyeonggi-do	37.738058	127.033716	33	62	1	1.59	14.61	6.4	729	4. High	-1.3929276745496817	0.5366879755940975	-0.3930139255350667	0.5094758935652683	0.03876566649811065	0.19486106357631866	0.034399627903545844
148	Uiseong-gun	41	60190	Gyeongsangbuk-do	36.352718	128.697088	16	16	0	0.32	40.26	23.7	108	4. High	3.346789095525099	-1.7990148827653136	-0.5485380244455412	0.12236050075066454	-0.2988629761570439	0.027786639221609895	0.03454813024852714
149	Uiwang-si	5	20240	Gyeonggi-do	37.344649	126.968299	14	24	1	1.09	12.99	5	189	2. Low	0.04833138630080503	1.4184025581684805	0.902125366733691	0.4979712558806346	0.13736948492771384	0.07887626930304023	-0.02289568959989034
150	Ulju-gun	3	16040	Ulsan	35.522126	129.242507	30	49	2	1.74	13.94	6.7	260	2. Low	-1.0263260696889804	0.732219826737362	0.3241729578770045	-0.26236389824875006	0.6819202351533571	0.06597960993712802	-0.031153205531752506
151	Wonju-si	19	30090	Gangwon-do	37.341963	127.919668	50	71	4	1.71	14.46	6.7	597	3. Moderate	-2.327876462918531	-0.44742365759529457	0.4998654586506902	-0.42430475009996993	0.3166009199924046	-0.183168019687927	-0.05847855034353951
152	Yangcheon-gu	21	10190	Seoul	37.517189	126.866618	30	43	0	2.26	13.55	5.5	816	4. High	-1.4860243703642673	1.4925233583606379	-1.2447519454084146	0.039299742012406366	0.11489131940692393	-0.09615418340346757	0.02790910286591226
153	Yangju-si	2	20180	Gyeonggi-do	37.785253	127.045823	33	48	1	1.16	15.23	6.3	252	2. Low	-0.5330705986920778	0.503526272139026	0.4663183828511045	0.6984379962146477	0.5725985533812095	-0.11727885448808952	0.05271674256029835
154	Yangsan-si	4	61090	Gyeongsangnam-do	35.335016	129.037057	37	68	2	1.59	12.92	6.2	507	2. Low	-1.6209460139918321	0.33272870693127493	0.1828386094283354	0.23971677627142685	0.46347749926930143	0.19730009030501874	-0.0486238706481813
155	Yecheon-gun	6	60160	Gyeongsangbuk-do	36.646707	128.437435	12	15	1	1.09	29.79	18.4	97	2. Low	1.9865646545468305	-0.44490611664765684	-0.2284453850135297	-0.6044189308316205	0.00937266187178407	0.15800767425596968	-0.15812810378972644
156	Yeongcheon-si	36	60150	Gyeongsangbuk-do	35.973268	128.938603	18	23	1	0.83	27.32	15.3	192	4. High	1.497917496944509	-0.4409144465387412	0.09444292155061454	0.020054268854561467	-0.0939941778331842	0.036242312558382984	-0.04378480577656243
157	Yeongdeok-gun	2	60120	Gyeongsangbuk-do	36.415059	129.366107	9	11	0	0.75	36.45	22.3	81	2. Low	3.061132502601811	-1.0152870429748981	-0.6453344011812544	-0.3040130651776915	-0.15848035191720428	0.19545528336500026	-0.067254011650005
158	Yeongdeungpo-gu	22	10200	Seoul	37.526505	126.89619	23	39	0	1.21	15.6	5.8	1001	4. High	-0.7602870232538381	0.9604323230955746	-0.5447296995046461	1.074818750739015	-0.9118357565783045	0.05178123918692817	0.03054361424117956
159	Yeongju-si	5	60140	Gyeongsangbuk-do	36.805702	128.623958	19	26	2	1.61	26.22	13.2	191	2. Low	0.6363345516108795	-0.020742327411641615	-0.11055613860397093	-1.005903517579654	0.19424384112176488	0.03219257815952396	0.19217578449129813
160	Yeongyang-gun	2	60130	Gyeongsangbuk-do	36.666664	129.112401	6	8	0	0.35	36.36	21.1	24	2. Low	3.347547280683461	-1.0183994580687004	-0.1497398640175519	0.10973181972173489	-0.32896496912251133	0.20023231875470993	0.026958708310042125
161	Yeonje-gu	4	11130	Busan	35.176406	129.079566	16	18	2	1.39	18.27	7.8	450	2. Low	-0.0633769410672186	0.8604879140465703	0.40768387785800647	-0.34050984480585783	-0.4206226230512651	-0.07199985596530765	0.033382929677544006
162	Yeonsu-gu	18	14080	Incheon	37.410262	126.678309	23	43	1	1.77	9.48	4	467	3. Moderate	-1.2289309616291828	1.6005007534799012	0.10482058710245779	0.2165891023584597	0.32705448470873294	0.16797399366502416	-0.11742473825140734
163	Yeosu-si	3	51130	Jeollanam-do	34.760421	127.662287	50	73	1	1.85	18.59	9.5	471	2. Low	-1.3882460858894883	-0.27689826425201314	-0.7879422697268528	0.16068908391028905	0.9852275536922818	-0.16394554082454355	0.06453181234924275
164	Yongin-si	59	20230	Gyeonggi-do	37.240985	127.17805	103	169	7	1.82	12.77	4.1	1429	4. High	-6.205697955205067	-3.0994872087578598	0.22942852043873743	0.15168514314418768	0.25529510905418623	-0.12702483871174164	0.20499923174951293
165	Yongsan-gu	17	10210	Seoul	37.532768	126.990021	15	13	1	0.68	16.87	6.5	435	3. Moderate	0.4493754990004938	0.9212206309131388	0.8360592528153992	0.7950206039342063	-0.6469365446506615	-0.1817179493785581	-0.02451720107805722
166	Yuseong-gu	19	15040	Daejeon	36.362226	127.356153	38	75	5	1.54	9.04	3.3	586	3. Moderate	-2.690247801286154	0.0886154011339297	1.4076031632001733	-0.3854892766752155	0.019610648360334618	0.31419325450670976	-0.07262056540015988
167	Yeongdo-gu	0	11140	Busan	35.091362	129.067884	14	12	2	0.69	26.13	13.3	203	1. None	1.4078168138865415	-0.2566211653068901	0.7368100964986875	-0.16009656991860483	-0.47762045628128974	-0.0713282864977241	0.010612227526455199
168	Gwangsan-gu	0	13010	Gwangju	35.139941	126.7937	45	90	4	2.32	9.1	4.6	640	1. None	-3.2247831882857545	0.25045949087068903	0.19307649773100746	-0.7585676633641161	0.6893899747284016	0.3958022984570822	-0.07415330105752659
169	Ganghwa-gun	0	14010	Incheon	37.747065	126.487777	20	19	1	0.68	31.97	13.9	107	1. None	1.7932547878449898	-0.6504344650348609	0.2366325151016703	0.08492463459604126	-0.09495050461353922	-0.2345142745508231	0.48031699244273934
170	Ongjin-gun	0	14090	Incheon	37.446777	126.636747	6	10	0	0.19	25.35	11.1	32	1. None	2.2051280727324523	0.29789439566204223	0.8647668740286525	0.9967917472515981	-0.2911643617233308	0.0748316644809318	0.23175989168683547
171	unknown_Sejong	0	17000	Sejong	36.480132	127.289021	48	60	3	1.78	9.48	3.8	491	1. None	-2.3520072811748136	0.47368985827642474	0.5614950167969383	-0.0601031296389092	0.6029277173398843	-0.3706770855729758	-0.16247985212583627
172	Yangpyeong-gun	0	20190	Gyeonggi-do	37.491744	127.48757	22	25	1	0.78	24.66	11.1	178	1. None	1.0216275241506452	-0.0898205934835406	0.43464854302185724	0.3669834030150118	0.00955651301622199	-0.16735470413619072	0.20064533865709192
173	Yeoju-si	0	20200	Gyeonggi-do	37.298209	127.637351	23	34	1	1	21.05	8.8	191	1. None	0.4325065390726953	0.29163844443115056	0.4408854092152664	0.396334629398322	0.23284108388673364	-0.04281193163090019	0.22742084502361154
174	Yeoncheon-gun	0	20210	Gyeonggi-do	38.096409	127.075067	13	13	0	0.82	25.41	12.7	69	1. None	1.7516154552921863	0.3053130155847871	0.1449550548846942	0.35166671117847736	0.09673958854533239	-0.05948251190293953	0.09677612297637447
175	Donghae-si	0	30030	Gangwon-do	37.524689	129.114239	14	17	0	1.6	19.41	10.1	140	1. None	0.7241816482324162	1.1971081805698573	-0.28685780003866945	-0.16835594088686012	0.4695592531703197	-0.001606910921645311	-0.02219818417644828
176	Yanggu-gun	0	30060	Gangwon-do	38.110002	127.990092	10	9	0	1.01	20.38	9.9	33	1. None	1.3593949894922246	1.0362009014169549	0.35302161628404133	0.3188958913998018	0.22722322699233277	-0.04717407514321877	0.01050146245894844
177	Yangyang-gun	0	30070	Gangwon-do	38.075405	128.619125	13	15	0	0.69	28.92	14.6	37	1. None	2.1249863411917693	-0.13249041809829207	0.07058633100401522	0.32760422517550686	0.06874758834403802	-0.011669190979178559	0.18045705099207138
178	Yeongwol-gun	0	30080	Gangwon-do	37.183694	128.461835	13	15	1	0.87	28.54	15.4	56	1. None	1.8633625739431414	-0.26668260056415216	0.1987170531812657	-0.21335286180120253	-0.002412504537364878	0.03874196665705778	0.05836261142419736
179	Jeongseon-gun	0	30110	Gangwon-do	37.38062	128.660873	16	15	0	0.67	26.79	13.9	53	1. None	1.909869424695478	-0.041843787090565535	0.15921271169262116	0.46819196320448314	0.11026173334596125	-0.11144346478345189	0.057333568067924515
180	Cheorwon-gun	0	30120	Gangwon-do	38.146693	127.3134	16	12	0	1.14	21.8	11.1	70	1. None	1.242128599397891	0.7513173580958035	0.05151813586800736	0.1870089159808318	0.33603279532885927	-0.18365969655737127	-0.013406958379209197
181	Pyeongchang-gun	0	30150	Gangwon-do	37.370743	128.390335	19	16	0	0.81	27.04	13.7	84	1. None	1.7285013158267861	-0.048086608614289136	-0.009478545379433611	0.3667868640885293	0.17481619231911488	-0.20778063552597606	0.10189665554065548
182	Hongcheon-gun	0	30160	Gangwon-do	37.697037	127.888821	26	26	0	1.14	25.28	12.6	115	1. None	1.094816712643238	0.03936364218070578	-0.27726796466832493	0.2539669835075605	0.5070658721428404	-0.2668417101430285	0.1309835207931908
183	Hwacheon-gun	0	30170	Gangwon-do	38.106152	127.708163	13	14	0	0.72	21.75	11.2	36	1. None	1.5485864559539178	0.567879776607348	0.45729764944472706	0.6112961790795695	0.1676893040858517	-0.03666069790565788	-0.0431676989354009
184	Hoengseong-gun	0	30180	Gangwon-do	37.491702	127.98504200000001	16	13	2	0.97	28.22	13.3	69	1. None	1.421023433703127	-0.2550287865989801	0.545440351277527	-0.5345481658164758	-0.08781702533273615	-0.15587998039858203	0.24062772475268848
185	Boeun-gun	0	40030	Chungcheongbuk-do	36.489402	127.729503	15	16	0	0.67	33.46	18.4	74	1. None	2.522167281671926	-0.7690036259746131	-0.31141102108349616	0.11556314446185462	-0.013111683568991405	-0.006064816329007086	0.11620400811739331
186	Yeongdong-gun	0	40040	Chungcheongbuk-do	36.175017	127.783431	14	14	1	0.94	30.32	16.1	108	1. None	1.9009989157811376	-0.40316042659726	-0.009792144612235163	-0.34286631696432057	-0.08083195832525011	-0.018394363904855156	0.11740920100733973
187	Okcheon-gun	0	40050	Chungcheongbuk-do	36.306367	127.57128	12	17	1	0.63	28.83	14.9	107	1. None	1.9275043935618976	-0.379651186546511	0.375881976288011	0.08178904298840738	-0.21688847158459687	0.09343902545771451	0.1216898867435536
188	Jecheon-si	0	40070	Chungcheongbuk-do	37.132583	128.190946	24	35	2	1.31	20.92	10.5	245	1. None	0.10688855190789474	0.1009203468289691	0.3569734047926926	-0.29990682616579967	0.18723106947994306	0.01955015988535642	0.031721227276799234
189	Gongju-si	0	41020	Chungcheongnam-do	36.446508	127.11903	28	34	2	1.16	25.2	11.7	221	1. None	0.42647896069281244	-0.39297122366727927	0.2901141280674068	-0.27137420980642435	0.1586153918287719	-0.171499212877277	0.21922972724739392
190	Geumsan-gun	0	41030	Chungcheongnam-do	36.108887	127.487966	16	16	1	0.67	30.15	14.8	119	1. None	1.8797975891627687	-0.5055234574130192	0.27260603826586544	0.046348988078654965	-0.18273416347334695	-0.09323180947933023	0.22115687359588934
191	Nonsan-si	0	41040	Chungcheongnam-do	36.187076	127.098959	33	32	2	1.03	25.54	13.4	262	1. None	0.5115174880206179	-0.7239680324642626	0.2349054145010789	-0.1603817052122233	0.09372362492158334	-0.3421251961658321	-0.00942843121915973
192	Dangjin-si	0	41050	Chungcheongnam-do	36.889777	126.645814	30	35	1	1.2	18.14	7.9	265	1. None	-0.10303356222258901	0.4487894674469729	0.29143121551027795	0.39437542802963943	0.36070238010363015	-0.2582415901855457	0.05946222531052788
193	Boryeong-si	0	41060	Chungcheongnam-do	36.333317	126.612679	29	33	1	1.23	25.04	12.6	186	1. None	0.6433791439421034	-0.24235619660682645	-0.1181035707612766	-0.060895882905157475	0.40562846791852714	-0.212590727484578	0.11855845161496735
194	Seocheon-gun	0	41090	Chungcheongnam-do	36.080266	126.691394	18	18	0	0.97	35.25	18.9	116	1. None	2.3512627122593055	-0.8422266240666266	-0.7181805134233326	-0.21624798020285219	0.0965387406030396	-0.08021153105162324	0.2340317434924481
195	Yesan-gun	0	41110	Chungcheongnam-do	36.680222	126.844687	24	26	0	0.95	30.27	14.5	156	1. None	1.5717026775177028	-0.4537794516816121	-0.40026012835729946	0.24759839031706793	0.24005615983198744	-0.20663783625924426	0.32083546751212755
196	Cheongyang-gun	0	41130	Chungcheongnam-do	36.459129	126.802333	12	13	1	0.6	34.51	18	62	1. None	2.5132899539623494	-0.9107911387401035	0.10954794279810687	-0.2036367777048605	-0.25550704668596386	0.029189439378477552	0.23114869500646548
197	Gochang-gun	0	50010	Jeollabuk-do	35.435767	126.702152	21	22	0	0.95	33.33	20.6	123	1. None	2.2679996761955876	-1.0051447802563285	-0.7681920315187613	-0.1551981869229689	0.20385537961011774	-0.02521374415005621	-0.12359362744984653
198	Namwon-si	0	50040	Jeollabuk-do	35.416349	127.390265	27	28	0	1.42	27.25	16.3	186	1. None	1.1737937812558445	-0.27681939658751337	-0.8631804277916002	-0.2045713462800779	0.5377823562802875	-0.1661925620468993	-0.10240167471325395
199	Muju-gun	0	50050	Jeollabuk-do	36.006777	127.660789	10	9	0	0.74	32.71	18.7	53	1. None	2.673717111696381	-0.5156756322873207	-0.2972468798328506	-0.062094565262742256	-0.07702143100036583	0.055974984573855024	0.015174533176144514
200	Buan-gun	0	50060	Jeollabuk-do	35.731805	126.733347	22	25	0	0.99	32.2	19.1	118	1. None	2.038969746592341	-0.8538560738433546	-0.6944065933989226	-0.07706461668020179	0.28501120413372044	-0.033476369652886626	-0.029357165333052007
201	Sunchang-gun	0	50070	Jeollabuk-do	35.374421	127.137597	15	15	0	0.7	32.97	20.2	72	1. None	2.6165495999327173	-0.86307311041512	-0.41570507781373056	0.012442780304578106	0.015171811799107213	0.040095653604855556	-0.13605595243892754
202	Wanju-gun	0	50080	Jeollabuk-do	35.904724	127.162209	29	37	3	1.52	22.38	9.8	170	1. None	-0.22628918893395478	-0.11860433705369515	0.5405091993178773	-0.8246312921190203	0.3678772928942521	-0.14980204436064848	0.2454655682555902
203	Imsil-gun	0	50100	Jeollabuk-do	35.617891	127.288868	15	14	1	0.55	34.82	20.1	79	1. None	2.6071547790953997	-1.2127191527248957	-0.008119064071230189	-0.2017369180095659	-0.24147322120951234	0.004467092065576158	-0.004402986364616687
204	Jangsu-gun	0	50110	Jeollabuk-do	35.647281	127.521204	8	8	0	0.58	32.87	19.1	44	1. None	2.858535426140833	-0.585983897158327	-0.16232240052528804	0.05981154498982639	-0.17977677705940326	0.1170927550295347	-0.02903712120167949
205	Jeongeup-si	0	50130	Jeollabuk-do	35.569768	126.856148	34	39	1	1.64	26.92	15.9	256	1. None	0.4893377960349264	-0.5875387188461032	-0.8247767689734192	-0.572130888868259	0.6038774078729058	-0.1871996658427111	-0.059575590058796354
206	Jinan-gun	0	50140	Jeollabuk-do	35.791669	127.424806	13	12	0	0.39	33.8	19.5	54	1. None	2.8747012931784424	-0.9375167050642184	-0.09801889360355931	0.3080033448855294	-0.17866467290172217	0.01364699089959002	-0.022911940772451025
207	Gangjin-gun	0	51010	Jeollanam-do	34.642006	126.767267	14	14	0	0.79	33.87	21.7	71	1. None	2.7442015597790945	-0.9520372972645135	-0.5940910045816505	-0.18807544322598668	0.029002238481162696	0.09289319938237162	-0.22232806572037409
208	Goheung-gun	0	51020	Jeollanam-do	34.61117	127.285055	17	21	0	0.71	40.04	24.5	141	1. None	3.0637822667951142	-1.7235660638167067	-0.9737795309870382	-0.2698444544094544	-0.10224154290104986	0.1260188737211682	-0.014200941446725462
209	Gokseong-gun	0	51030	Jeollanam-do	35.282015	127.292107	8	8	1	0.87	35.16	22.5	70	1. None	2.8323947360596966	-1.0215464909490353	-0.3613644065029509	-0.7740380658847053	-0.23708384404372704	0.21435460173808604	-0.21162794977901916
210	Gurye-gun	0	51050	Jeollanam-do	35.202521	127.462789	10	12	0	0.79	33.3	19.4	57	1. None	2.6820874112360618	-0.6126512542382039	-0.4085898363681747	-0.1372344622326302	-0.037755845819380435	0.130711872907035	0.0073997867388571675
211	Naju-si	0	51060	Jeollanam-do	35.015818	126.710826	24	30	3	1.4	22.16	13.2	214	1. None	0.20517266275977472	-0.2645253669768405	0.47032694979649825	-0.9172717365138506	0.1057616100839218	0.005571775351956462	-0.20198558134905983
212	Damyang-gun	0	51070	Jeollanam-do	35.321144	126.988229	14	15	1	0.28	30.27	16.3	98	1. None	2.2748319546446054	-0.7890951869745241	0.5597619048436356	0.36815913594340866	-0.3649560733293769	0.0014955376785270383	0.02211187787967523
213	Boseong-gun	0	51100	Jeollanam-do	34.771453	127.080097	17	19	0	0.65	37.43	23.8	98	1. None	2.987418514842129	-1.5272635674152542	-0.7551477380052842	-0.13873246904302736	-0.033054175215713	0.09962398766255232	-0.16790812914620123
214	Sinan-gun	0	51120	Jeollanam-do	34.833564	126.351636	19	22	0	0.2	35.18	21	77	1. None	2.882472247050807	-1.4973752693812592	-0.14143675448080367	0.5569610698824213	-0.1290709027031645	0.023534356889830858	-0.07800279749029436
215	Yeonggwang-gun	0	51140	Jeollanam-do	35.277188	126.512087	13	15	1	1.24	28.4	17.3	116	1. None	1.7248468728142747	-0.2219306779200068	-0.2794727361593838	-0.6690070159651068	0.07773374836079591	0.10861707144001642	-0.14172813156884956
216	Yeongam-gun	0	51150	Jeollanam-do	34.800192	126.696802	16	18	2	0.82	25.99	15.6	100	1. None	1.4639598475121944	-0.46669904246672583	0.5768185383106967	-0.36475190139681435	-0.11951731868028984	0.05122601945416848	-0.20988305220280645
217	Wando-gun	0	51160	Jeollanam-do	34.310983	126.755076	21	24	0	0.65	31.55	17.9	96	1. None	2.168167611742331	-0.8679244573070214	-0.28432166582322654	0.3326001305684433	0.14008174539423093	-0.051132063434129654	0.018310498178233787
218	Jangseong-gun	0	51170	Jeollanam-do	35.301826	126.784893	13	16	0	0.83	28.75	16.8	80	1. None	2.1361136789382473	-0.24590419336479	-0.20973171977892024	0.11054501914399176	0.08247510305678214	0.08540924281617616	-0.07432769700290802
219	Jangheung-gun	0	51180	Jeollanam-do	34.681616	126.90708	15	16	0	0.67	33.21	21.6	80	1. None	2.7195538794020018	-1.0208444221122799	-0.48383301398966405	-0.009617213296627129	7.242976976953975e-4	0.10211938451293733	-0.2763925075970772
220	Jindo-gun	0	51190	Jeollanam-do	34.486834	126.263554	10	13	0	0.78	32.97	22	68	1. None	2.8244826699623276	-0.8279978936904826	-0.544556980740021	-0.21554657919298117	-0.03129472002497178	0.24055145518644427	-0.3188285226247783
221	Hampyeong-gun	0	51200	Jeollanam-do	35.065927	126.516688	11	12	0	0.49	35.45	22	76	1. None	3.0880467781895833	-1.135909059910002	-0.38203236367981797	0.04095311554607855	-0.2156452245767757	0.1450387144913401	-0.15218119223535334
222	Haenam-gun	0	51210	Jeollanam-do	34.573374	126.59925	20	21	0	0.91	31.45	20	135	1. None	2.18140677390508	-0.8420352367058225	-0.64541160050043	-0.05241868332892534	0.16252487733871648	-9.142318418348442e-4	-0.22247692316489154
223	Ulleung-gun	0	60170	Gyeongsangbuk-do	37.484438	130.905883	4	6	0	0.21	24.81	10.7	11	1. None	2.249417262299196	0.46630475723592285	0.9285142613020366	0.9491543890043096	-0.30798314381270087	0.06175974517765669	0.2252048355078644
224	Uljin-gun	0	60180	Gyeongsangbuk-do	36.993078	129.400585	13	16	0	1.01	27.3	17.6	83	1. None	2.017757281603717	-0.13452463077633872	-0.3668731800640869	-0.07984762275067486	0.19088353958575183	0.134840896079878	-0.27107914357933816
225	Uiryeong-gun	0	61100	Gyeongsangnam-do	35.322198	128.26174	13	10	0	0.63	35.95	24.2	60	1. None	3.178840180828332	-1.2901204341955759	-0.6299656794506094	-0.21491274897225396	-0.09760445746451034	0.09799463932689798	-0.36753803254219214
226	Tongyeong-si	0	61140	Gyeongsangnam-do	34.854426	128.43321	20	29	0	1.7	18.47	9.8	230	1. None	0.25457416615758277	1.039468368783759	-0.48134308797474634	-0.061824999256563686	0.5774052740272196	0.028969842153631544	-0.03498637399795121
227	Hadong-gun	0	61150	Gyeongsangnam-do	35.067224	127.751271	16	15	0	0.84	32.89	19.1	94	1. None	2.4205596568817676	-0.7175402528822836	-0.5019114750769593	-0.07352016756610662	0.05237839818383705	-0.028585407174426432	-0.009043992331854133
228	unknown_Jeju-do	0	70000	Jeju-do	33.488936	126.500423	113	123	4	1.53	15.1	6.4	1245	1. None	-4.733244372029198	-2.710644552072091	-0.48404770485874665	1.0009226680155143	0.5790435772602851	-1.4251653356603202	-0.14350117034223292
