.rownames	city	confirmed	elementary_school_count	kindergarten_count	university_count	academy_ratio	elderly_population_ratio	elderly_alone_ratio	nursing_home_count	class	.fittedPC1	.fittedPC2	.fittedPC3	.fittedPC4	.fittedPC5	.fittedPC6	.fittedPC7
1	Andong-si	50	30	42	3	1.57	23.95	12.4	290	4. High	-0.1929953976405629	-0.4893208582874243	0.17086017067455236	-0.9396510998520173	0.2258949270059109	-0.020040294846096256	0.08756835500388542
2	Ansan-si	16	54	94	4	1.49	10.35	4.6	1024	3. Moderate	-3.2877434066517557	-0.5860428973102505	0.4348501788847863	0.3590770719576637	-0.24186314578273693	0.13509856210242027	-0.15600414716035488
3	Anseong-si	2	35	51	3	1.27	16.95	7.2	271	2. Low	-0.9057519016657055	-0.057283365076607154	0.8989552155227276	-0.11115892169065605	0.3640236103486403	-0.09151854176348662	0.08353368485183355
4	Anyang-si	18	41	79	4	1.86	12.88	5.1	1099	3. Moderate	-2.95699021337547	-0.10084765606523637	0.04963912402310933	-0.34064857344307126	-0.600882267294411	0.2914722645216058	0.014926856429418878
5	Asan-si	10	46	60	3	1.29	12.89	6.1	435	3. Moderate	-1.6700371428311085	-0.1165556892810778	0.8205582440521502	0.24838527773784963	0.39959787608152736	-0.2805134541400266	-0.17138022252099558
6	Bonghwa-gun	71	14	17	0	0.37	35.26	20	47	4. High	2.915609534323236	-1.1481156346835562	-0.16522651031592517	0.3157401394593258	-0.1321204013577425	0.07171506781896574	0.06724688447857359
7	Bucheon-si	70	64	124	4	1.51	12.77	5.4	1432	4. High	-4.063056364878857	-1.405302885012146	-0.23460079587697802	0.7008600150445263	-0.5695493067817454	0.37636066821344916	0.009996130779961143
8	Buk-gu	10	27	37	1	1.35	16.04	8.4	465	3. Moderate	-0.3960034561817487	0.6222929076530399	0.01737026788694608	0.31714160724172946	0.06796779327132409	-0.05438562140279151	-0.16872890075938
9	Buk-gu	10	38	73	4	1.43	13.95	6.3	748	3. Moderate	-2.135044791383585	-0.3046791384236215	0.6986944131453366	-0.14639693491926253	-0.27494943043647624	0.28762320842955014	-0.03767458620062564
10	Buk-gu	10	46	105	6	2.13	14.35	6.9	782	3. Moderate	-3.400969742816375	-0.9134273424072207	0.5546510953124717	-1.2723217290558242	0.15832054519898542	0.6920047644815647	0.11695277636113623
11	Buk-gu	10	22	45	0	1.73	7.69	3.4	211	3. Moderate	-0.9237960148637812	1.9496319325955738	0.14447374411340752	0.5760912017104197	0.9383578304492004	0.22599792818247474	-0.12905007028364174
12	Bupyeong-gu	15	42	66	0	1.27	13.83	6.2	847	3. Moderate	-1.4280969396484156	0.33192341717127977	-0.5933807866768143	1.3729246904025973	0.0037912980443284283	-0.061884975136779	-0.07837896881068024
13	Busanjin-gu	13	32	43	3	1.62	19.01	8.7	986	3. Moderate	-1.3905891763385203	-0.047905103769291704	-0.21014557073068613	-0.44851972356491493	-0.9336284540450492	-0.09728713482034948	-0.0312300961570727
14	Buyeo-gun	11	24	27	1	0.79	33.3	17.4	137	3. Moderate	1.8257238696169005	-1.1400097580155872	-0.16400798805789096	-0.10528149596308851	0.045755525267209274	-0.12283121433830727	0.22188879429640088
15	Changnyeong-gun	9	17	20	0	0.8	29.8	18.4	129	3. Moderate	2.1354276003940855	-0.597790858114967	-0.3852938826658611	0.13571300021859217	0.0767749612584897	0.05848347761763381	-0.1798842914842902
16	Changwon-si	29	110	195	5	1.84	13.64	6.5	1701	4. High	-6.354546662010809	-3.461490916644732	-0.9868533340989403	1.0179915831796693	0.3912160282403998	0.1810707037889627	0.09862869469003704
17	Cheonan-si	106	75	112	6	1.91	10.42	4.5	1069	4. High	-4.575559672570936	-1.4206985469328002	0.5294209026293903	-0.3931370909041485	0.13095615755423595	-0.23148365634255008	-0.13575882603620704
18	Cheongdo-gun	43	11	14	0	0.63	36.55	21	85	4. High	2.964267729730816	-1.0602389269626145	-0.4969785498681255	-0.07911124693303065	-0.17124034864591275	0.13799341911365595	0.0839168125225464
19	Cheongju-si	12	92	131	8	1.67	12.82	6	1420	3. Moderate	-5.484434437649572	-2.8404888138812687	0.7581970198277554	-0.48533035621577236	-0.458950341301956	-0.4125163684304001	-0.20317941651559746
20	Cheongsong-gun	2	8	8	0	0.51	36.08	19.4	55	2. Low	3.061630631624828	-0.8260758677604316	-0.22902705371088528	0.04539759647036634	-0.2825104295926437	0.07923701624223899	0.20145144597489562
21	Chilgok-gun	50	21	32	2	1.48	15.17	6.7	151	4. High	-0.33527329256019245	0.9401990371274257	0.7134244665417386	-0.263611238002595	0.4291389126166263	0.027747661055885647	0.013293362316017902
22	Chuncheon-si	5	40	43	5	1.5	17.1	7.6	472	2. Low	-1.5505834670740406	-0.39865683419027503	1.1362925168143319	-0.9773203747805665	-0.15114615572456513	-0.38017327632787073	-0.06198276696345596
23	Chungju-si	11	37	44	2	1.39	19.07	9	347	3. Moderate	-0.5967839837543274	-0.05049381543394314	0.22805997107765613	-0.04570349522772618	0.3617021433702771	-0.28878997660437444	0.01950502060219697
24	Daedeok-gu	3	21	29	2	1.35	14.97	6.9	310	2. Low	-0.36790449433928213	0.8732807332699011	0.6737590690969201	-0.09359080279309817	0.05144906924290668	-0.018962663678140597	-0.08777704624751233
25	Dalseo-gu	4	55	78	3	1.72	13.56	6.5	1064	2. Low	-2.8203276107189414	-0.45664430999278516	-0.3070771471493723	0.18592278073226587	-0.24240730295394508	-0.21857241249608594	-0.1665147336720447
26	Dalseong-gun	1	32	47	1	1.51	12.11	5.4	361	2. Low	-1.003309918028197	0.9588113414236166	0.2117131758242769	0.4563055156537963	0.5559813768314877	-0.07721565787186496	-0.09040541076219087
27	Danyang-gun	1	11	11	0	0.5	29.52	15.8	52	2. Low	2.4151410258411925	-0.2792608475544157	0.15829906740152405	0.42384984473871756	-0.12192275974610833	0.0095669183544091	0.05612808602821466
28	Dobong-gu	7	23	26	1	0.95	17.89	7.2	485	3. Moderate	0.02961055600760209	0.6151954495985915	0.4033102048492736	0.6398563020078935	-0.36602607808592513	-0.19930756446600353	0.03658168524545972
29	Dong-gu	12	7	9	0	0.83	25.42	13.8	239	3. Moderate	1.8386764741928172	0.3792627971074183	-0.044289904098901434	0.26332228274358305	-0.3435258686740828	0.1191437538932343	-0.04945918162911304
30	Dong-gu	12	32	58	0	1.15	18.81	9	649	3. Moderate	-0.4519761704126242	0.11594268965705185	-0.5249935657198762	1.0330167364914318	0.005949379265400734	0.1505946013868226	0.05380458407105692
31	Dong-gu	12	11	18	3	2.88	21.59	8.8	327	3. Moderate	-0.6268764078977133	1.3650704847396566	-0.5571193410470179	-2.500322410560264	0.2497408575499484	0.12082996484946837	0.40779097142369497
32	Dong-gu	12	8	12	1	0.68	21.62	10.5	122	3. Moderate	1.387201942182141	0.5526971496691822	0.8191428691465139	0.3227114098655811	-0.24882861187718242	0.10206514524850069	0.008082737768684144
33	Dong-gu	12	23	35	4	0.93	18.16	8.1	447	3. Moderate	-0.49882591220681394	-0.1348790056525259	1.3804712703398552	-0.31726278351524545	-0.6201600452698712	0.053065937709325287	-0.029717269136816982
34	Dong-gu	12	16	25	1	1.73	11.68	4.4	242	3. Moderate	-0.5109214400192293	1.825008920286639	0.35532702342710665	-0.090834286998438707	0.40441600354661433	0.03469771127309967	-0.007035301802952074
35	Dongdaemun-gu	30	21	31	4	1.06	17.26	6.7	832	4. High	-0.9678546828768324	0.13582038849052425	1.018450593682667	-0.2941823192828287	-1.3328060159405433	0.027019184196467746	-0.01119504925164809
36	Dongducheon-si	4	11	19	1	1.03	19.56	9.7	140	2. Low	0.8788093936844089	0.7718943814519018	0.5709650402455686	0.11679270086963936	0.02778112453401199	0.1418654875965836	-0.014420050054210015
37	Dongjak-gu	28	21	34	3	1.17	15.85	5.2	762	4. High	-0.9892442351983972	0.5586650310293523	0.7753981522224864	0.011885232919467997	-0.9782208304399933	0.041510870848954703	0.09829399236447851
38	Dongnae-gu	33	22	31	0	1.98	17.53	7.7	608	4. High	-0.49460856537564823	1.2926204197572586	-0.9658467469676584	-0.08936038141443897	0.06854643450473152	-0.04287066107837424	0.09286107728851169
39	Eumseong-gun	6	21	24	2	0.88	20.33	9.2	169	2. Low	0.4914372661957729	0.2097192908405856	0.9383237818264548	0.09856623802711993	-0.029050782089446725	-0.13235171288316006	0.04765478141381453
40	Eunpyeong-gu	26	31	44	1	1.09	17	6.5	874	4. High	-0.8704691008260124	0.35109823618549374	-0.12434386110700385	0.8845373505246765	-0.7035170514316245	-0.12491875180144776	0.04996022847256289
41	Gangbuk-gu	5	14	21	0	0.67	19.49	8.5	628	2. Low	0.6460168220020028	0.6967857721989583	0.11700434445695321	1.0988547820185464	-0.8457998418479133	0.030897533973555102	-1.6167194912548172e-4
42	Gangdong-gu	13	27	32	0	1.54	14.55	5.4	1023	3. Moderate	-1.0403938661263497	1.2139586098621034	-0.8034570973268771	0.7580146942895283	-0.7777346996152578	-0.22625925557293056	-0.042241126336499554
43	Gangnam-gu	53	33	38	0	4.18	13.17	4.3	3088	4. High	-4.710612793189627	2.3145224373187636	-5.052941349269476	-1.2076739539847505	-3.151054198791455	-0.2441592429893199	-0.09649816697055835
44	Gangneung-si	7	34	36	4	1.9	20.46	9.6	347	3. Moderate	-0.9751413355998322	-0.10540748971622732	0.41674328412212974	-1.404059920076647	0.1949454410740868	-0.30307592817017576	0.06862724292743995
45	Gangseo-gu	27	36	56	1	1.17	14.39	5.7	1080	4. High	-1.52708411245077	0.3210858366334521	-0.32939653044126294	1.1055428417759703	-0.8123946858711346	-0.04631115562357546	-0.06564249776872369
46	Gangseo-gu	27	17	21	0	1.43	11.84	5	147	4. High	-0.0038150229919567125	1.8224974706693415	0.3400520439559129	0.4821614834684074	0.5511798525377215	-0.0867045536634234	-0.09483697035793928
47	Gapyeong-gun	1	13	14	0	0.88	25.09	12	114	2. Low	1.6033555447481198	0.3956539778593309	0.09468755145947844	0.3467242289667072	0.05219486249265082	-0.05551375835179334	0.15502420655793803
48	Geochang-gun	19	17	16	2	1.25	27.01	17.4	127	3. Moderate	1.3740531917280223	-0.4400214743206328	0.047212358786174	-0.9263196677622227	0.029346735941009228	0.024172132686319292	-0.3034208451055346
49	Geoje-si	6	38	58	1	1.76	10.22	4.7	317	2. Low	-1.4951644406277667	0.9996546869381072	0.07206843261973069	0.388191118302313	0.9851202412784845	-0.06842084498046162	-0.1031997735635159
50	Geumcheon-gu	13	18	19	0	0.96	16.15	6.7	475	3. Moderate	0.28333012813215874	1.1389149594020755	0.19891547136027166	0.9182971692129447	-0.3350994652685262	-0.16526593795600875	-0.05139762233769248
51	Geumjeong-gu	6	22	28	4	1.64	19.8	8.4	466	2. Low	-0.7065244408681773	0.23990934493961483	0.7029627522031113	-1.194162811866177	-0.42329887353426293	-0.056783077608865355	0.11841539122138725
52	Gijang-gun	1	21	35	0	1.31	15.45	7.4	229	2. Low	0.07331513932422803	1.0979084024380736	0.061486422587954725	0.5903168371205924	0.49863765838899204	0.0746840838852559	-0.03098591390860076
53	Gimcheon-si	24	27	37	2	0.89	22.35	12.2	212	4. High	0.4660902829403091	-0.4360184530086598	0.5928720477651046	0.08086324443653824	0.10611611165565399	-0.020271598127604734	-0.08913357278111783
54	Gimhae-si	10	58	91	4	2.1	10.74	5.3	711	3. Moderate	-3.3238626101988147	-0.3434661586809304	0.14554450779417027	-0.42873945920965273	0.6631875072807727	-0.05623203755360988	-0.11740263068125913
55	Gimje-si	1	36	40	0	1.11	30.89	17.9	188	2. Low	1.2961415533326532	-1.1236994120645107	-0.8809873528121452	0.15033240607124126	0.6031612635209564	-0.2569178774176912	0.010041728908532943
56	Gimpo-si	13	43	90	2	1.74	12.1	4.4	604	3. Moderate	-2.3383085425503176	0.20648537242668746	-0.009000333678584299	0.42671730987127077	0.6627834601335884	0.3777786540719574	0.18550349004947483
57	Goesan-gun	11	14	15	1	0.36	33.01	16.5	64	3. Moderate	2.406331910257577	-0.9062087740385747	0.42718097002143224	0.19211198645541447	-0.3066865754104773	-0.032564160649838345	0.24905849767879643
58	Goryeong-gun	9	9	9	0	0.62	30.17	15.9	62	3. Moderate	2.4428945847286	-0.18935797969828097	0.03572669487385044	0.2420680005787834	-0.14549421653793282	0.03730759918527316	0.11140638689026683
59	Goseong-gun	2	13	11	1	0.48	28.53	14.6	41	2. Low	2.086327986244784	-0.36688425985035644	0.605138424968434	0.20818159499372782	-0.2022400109326945	-0.07174553762987682	0.08460290308068288
60	Goseong-gun	2	19	18	0	1.3	30.17	18.2	89	2. Low	1.881177505432853	-0.3452337088608398	-0.7867744477057622	-0.4144852895085917	0.39659064647910625	-0.06182722381106895	-0.08333904163762229
61	Goyang-si	25	84	171	2	1.88	12.82	5.2	1608	4. High	-5.052616416260623	-1.8412614275286932	-1.622892751314572	1.568369627203539	0.32084198539329156	0.5613230337061772	0.243486504272196
62	Gumi-si	67	50	104	3	1.96	9.08	4.3	616	4. High	-3.1148661643956386	-0.007320566213692668	0.14610959299626256	0.11680082891056377	0.9081527274819139	0.4642058300417405	-0.009017820109628524
63	Gunpo-si	29	26	49	1	1.58	12.42	5.4	429	4. High	-0.9877497614924436	1.0879720803366761	0.10549337362645092	0.3500117888821491	0.3754064601732831	0.1783551194675645	-0.02346934168545252
64	Gunsan-si	3	56	67	5	2.04	18.07	8.8	494	2. Low	-2.3604758927505305	-0.9016545891289339	0.3962736593445034	-1.293370740699458	0.5515442122429972	-0.44861097343714257	-0.006214592482366672
65	Gunwi-gun	6	7	8	0	0.25	38.87	21.6	41	2. Low	3.52083037018489	-1.2775623034870243	-0.1912685663512833	0.1493186471247537	-0.4275135194681672	0.14286999035510217	0.16435687660639328
66	Guri-si	4	16	30	0	1.94	12.88	5.1	418	2. Low	-0.5613844392178935	1.9192637416009501	-0.4208545895183934	0.04766516181106768	0.34495866572478484	0.1314818143718412	0.0511007563303438
67	Guro-gu	34	26	34	3	1	16.21	5.7	741	4. High	-0.9292113536362256	0.2905691928281028	0.8750673423131377	0.20906278721761068	-0.9377078351447744	-0.13099903994420398	0.02833585857977077
68	Gwacheon-si	6	4	7	0	1.36	13.98	5.7	92	2. Low	0.6713268149233325	2.078969873096111	0.46157455345489184	0.22294450814017014	0.23896568711191873	0.09301636263871409	-0.0017994917765354335
69	Gwanak-gu	41	22	33	1	0.89	15.12	4.9	909	4. High	-0.6711854185904911	0.805141930314951	0.24159766257834492	1.0568488529944715	-1.098354075242737	-0.04434489512609495	0.029295224311064225
70	Gwangjin-gu	7	22	33	3	1.16	13.75	4.8	723	3. Moderate	-1.0849842079843477	0.6945527537265997	0.9061073195252137	0.08213654062239276	-0.8725255585275098	0.0018265009219209753	-0.04097211816116889
71	Gwangju-si	13	27	42	2	1.09	12.65	4	406	3. Moderate	-0.8962147268994574	0.7961529725462039	0.9674857399165991	0.5553803688158149	-0.008705309958002644	-0.03648167217317939	0.04545001183071305
72	Gwangmyeong-si	12	25	48	0	1.73	13.25	5.8	530	3. Moderate	-0.8828396420573539	1.2963250340697912	-0.4965828268670032	0.49604642866026327	0.35701022743220645	0.18405919931052295	0.014391497824930943
73	Gwangyang-si	1	28	37	2	1.63	12.65	6.8	210	2. Low	-0.7911673166728795	0.9231610330213136	0.545162048166562	-0.2391767065542977	0.5980590562057329	-0.08192132221541946	-0.2164730915049439
74	Gyeongju-si	48	43	61	4	1.34	21.66	11	407	4. High	-1.05186883872629	-1.094697995303495	0.6132024472469164	-0.5941279582659279	0.19221057737129071	-0.10544214847849066	0.03238259650994992
75	Gyeongsan-si	628	31	61	10	1.34	16.18	7	427	4. High	-2.4329061817252544	-1.2959766386696543	3.0596151002018326	-2.3756716153354436	-0.7861942819674324	0.3771850098158633	0.0018972442486167652
76	Gyeryong-si	1	5	8	0	1.3	11.3	5.1	61	2. Low	0.5310015095111766	2.211912374803097	0.6517545714155346	0.3876248149017632	0.3325497224706043	0.09503749541385523	-0.16306343403498613
77	Gyeyang-gu	7	26	36	2	1.25	11.81	5.2	477	3. Moderate	-0.9169041465641625	0.9109312538995084	0.7414952794630918	0.3240803557633663	-0.11448774341636597	-0.06467801534400885	-0.1894226122549743
78	Haeundae-gu	20	33	39	1	1.63	16.53	7.9	814	4. High	-1.0260425126883386	0.5758959285183692	-0.594342816079863	0.21694023526606865	-0.331712208663081	-0.24087457884507124	-0.12000862812030444
79	Haman-gun	1	16	20	0	1.19	23.74	14.7	94	2. Low	1.4325032686393624	0.2816415720340589	-0.2921345773891206	-2.6924868221743503e-4	0.38204414421986543	0.06628858929140395	-0.21509068579124183
80	Hamyang-gun	1	13	12	0	1.01	32.65	20.9	83	2. Low	2.5437200475625894	-0.6544167899559934	-0.7037004213014109	-0.38232488181959273	0.09026272043166939	0.08374484269377826	-0.21761977568330648
81	Hanam-si	3	20	34	0	1.16	12.43	4.8	381	2. Low	-0.2682353919743598	1.4073789916304922	0.28749915525530445	0.9724288987404638	0.15239915034677115	0.05393407363519648	-0.033798141981613
82	Hapcheon-gun	8	17	15	0	0.71	38.44	24.7	96	3. Moderate	3.112423833129863	-1.5785740098273089	-0.8756681938286344	-0.29657898299929963	-0.047968615696293515	0.03474721225762383	-0.20166890459393494
83	Hongseong-gun	2	21	26	2	1.35	23.11	11.3	179	2. Low	0.47273197039046466	0.11839683839121676	0.31518250394885	-0.5502946439038972	0.16391443914990422	-0.05953026474797595	0.10681234293115531
84	Hwaseong-si	20	92	167	6	1.72	8.58	3.3	1001	4. High	-5.5845488394956035	-2.3313721353058496	0.6440049850533323	0.4566788252495841	0.9843608135927717	0.2357130668649215	0.06562935404452218
85	Hwasun-gun	1	16	19	0	1.32	26.14	17.4	132	2. Low	1.6344366821535306	0.004355382646697638	-0.6613802258113652	-0.3087895304719715	0.34407321188609696	0.10160958893973217	-0.3193959048293015
86	Icheon-si	10	31	51	2	1.76	13.71	5.8	333	3. Moderate	-1.2195918008124407	0.7734277412828849	0.2808760521591132	-0.19103444698996822	0.5903343054699262	0.04636217961854728	0.04878856661941354
87	Iksan-si	1	60	83	2	2.18	18.85	9.3	556	2. Low	-2.156014759098032	-0.6370842756703475	-0.9040050472745246	-0.3211253472670452	1.1098011972449378	-0.31405380287876566	0.12248517373899359
88	Inje-gun	1	13	15	0	0.88	19.88	10.4	46	2. Low	1.295504572984713	0.8112095768889369	0.4084310497978466	0.5296426576349289	0.2591741828312943	-0.01320790135753079	-0.08853989024476264
89	Jeonju-si	7	73	120	7	3.02	14.4	6.8	1381	3. Moderate	-5.361260138859212	-1.4931551571457278	-0.6601432950805395	-1.975573297482892	-0.057220200007259914	0.0552889964204398	0.05448350655355569
90	Jeungpyeong-gun	2	4	5	0	1.39	16.59	8.7	62	2. Low	1.032388041033747	1.7318836278376273	0.22492057823127304	-0.02572626942257518	0.2679957587249865	0.11177817394031517	-0.12800068513334287
91	Jincheon-gun	1	15	16	0	1.15	16.16	8.3	121	2. Low	0.7048516126350772	1.266972687252289	0.31763854633554567	0.472517731246184	0.33838296565007553	-0.07403403402530724	-0.1520361859741297
92	Jinju-si	9	45	53	6	2.49	16.27	8.6	597	3. Moderate	-2.5879779284062323	-0.325264701666299	0.4077718591706192	-2.2325472247531377	0.15369380531066246	-0.28578354437346287	-0.14057005309201834
93	Jongno-gu	16	13	17	3	1.71	18.27	6.8	668	3. Moderate	-0.6112101379223293	0.9830124994739646	0.3268310545312594	-0.9368960140503262	-0.8696563204406034	0.010712203744092114	0.14311892252966624
94	Jung-gu	22	12	14	2	0.94	18.42	7.4	728	4. High	0.04504019218377714	0.7354309124276865	0.5769961854690535	0.1851288632643432	-1.256398642251734	-0.018133067660526074	-0.010153638904450701
95	Jung-gu	22	4	4	0	1.36	26	13	182	4. High	1.692679491482497	0.8396101649845037	-0.3918856546349855	-0.37760922725655005	-0.098270851060837	0.09703173128223928	0.15061447679825568
96	Jung-gu	22	10	12	0	4.03	20.29	9.6	594	4. High	-0.8821311038788666	2.6067564085125157	-2.7986201365783394	-2.7209025566848113	0.6578766664405872	0.05461811243440212	0.3007706953592648
97	Jung-gu	22	14	17	0	0.8	14.14	6.7	177	4. High	0.6525008451749894	1.321158558218542	0.7198045019687367	0.9856530674151514	0.08279548574186335	-0.04218263539383384	-0.17884189506150178
98	Jung-gu	22	27	43	1	1.43	18.39	8.2	518	4. High	-0.4601977388674857	0.47909479098960933	-0.18126295166696385	0.24101431954841085	0.02506039694495818	0.026957468677610043	0.09075776227776769
99	Jung-gu	22	21	37	0	2.03	14.15	6.5	323	4. High	-0.5573395993326654	1.6021018083353322	-0.5692695270058139	-0.07166389040434165	0.7012974127798153	0.1151474226517227	0.03905817128742965
100	Jungnang-gu	16	23	31	1	0.7	16.65	6.9	689	3. Moderate	-0.15585500299966204	0.48381045657584454	0.4632266504377383	1.0604773908659766	-0.7964863776791711	-0.08698419863909276	-0.07061800014375912
101	Mapo-gu	19	22	24	2	1.83	14.05	4.9	929	3. Moderate	-1.3346797621893436	1.293125388589748	-0.20168586257695442	-0.3207155806940949	-0.8872137929662332	-0.18156149844723657	-0.025429711004847477
102	Michuhol-gu	11	29	43	2	0.9	16.29	6.8	643	3. Moderate	-0.6964721308859472	0.16834041867101732	0.6201458545693623	0.6603023190039657	-0.531745137335985	-0.04555687466998384	-0.03536750973888884
103	Miryang-si	5	21	25	0	1.39	27.31	16.3	178	2. Low	1.3610117885930928	-0.12135663278639669	-0.7882051279072843	-0.2586103428558306	0.40739605677332036	-0.010370588278852559	-0.08413861137357653
104	Mokpo-si	5	33	55	3	2.11	15.88	8.8	406	2. Low	-1.4433043546807935	0.31168149066530715	-0.012372678827686234	-1.0047980304714446	0.5453243697506189	0.14202607707310455	-0.08677213562488754
105	Muan-gun	2	18	21	2	2.12	20.82	11.8	141	2. Low	0.12601722989740288	0.7568513412149885	-0.24003586987604258	-1.4259362003483935	0.5425536336376279	0.006144830889980756	-0.06539632699207762
106	Mungyeong-si	4	17	26	1	1.18	29.25	17.1	147	2. Low	1.5435062581271302	-0.5066021700522316	-0.32479601805812947	-0.4864911513145815	0.14692645990435615	0.16492149174283924	-0.015405890281478783
107	Nam-gu	28	21	27	4	1.24	19.13	7.9	475	4. High	-0.526150117039004	0.13149540658740883	1.0972424774402603	-0.7376718864081814	-0.6489346838762675	-0.050960600513850436	0.07102239934623292
108	Nam-gu	28	11	15	2	0.85	22.49	10.4	345	4. High	0.8477872768349446	0.2849487496117987	0.7415395327880553	-0.07975434035537068	-0.6472687601128938	0.06257246445598755	0.06098600493593307
109	Nam-gu	28	23	44	4	2.63	16.76	7.5	427	4. High	-1.6368577710521888	0.8262534943951724	-0.018713571363426378	-2.0379721147238032	0.32652812362334466	0.251376730137792	0.17057905143993934
110	Nam-gu	28	30	44	1	3.23	11.42	4.8	765	4. High	-2.318459572064336	2.010795543630159	-1.5986846759668454	-1.2663010024235077	0.5755881951008552	-0.042763318064341783	0.03803076418220442
111	Namdong-gu	10	38	77	0	1.39	12.68	5.5	955	3. Moderate	-1.7420994368855283	0.4721551546462634	-0.7327199103230685	1.3779596082442547	-0.09082323991294405	0.3016007602605562	-0.015140618371758313
112	Namhae-gun	1	13	10	1	1.03	36.92	23.3	88	2. Low	2.737885478265901	-1.2379871979359538	-0.650694650917379	-0.954156316333747	-0.11332605484650948	0.07575322049140668	-0.15372509936284962
113	Namyangju-si	23	64	110	1	1.38	13.44	5	912	4. High	-2.8077133085456873	-0.6909211986683462	-0.5812721376811709	1.5484045833377178	0.5825380600868464	0.0068745571392860826	0.1519203695024344
114	Nowon-gu	23	42	66	6	1.39	15.4	7.4	952	4. High	-2.514673516293661	-0.9114503458782665	1.091612371118346	-0.7843370123656335	-0.9479928345241397	0.056061457753099425	-0.17282686386852103
115	Osan-si	7	23	50	2	1.25	9.09	3.6	314	3. Moderate	-1.1110727576134314	1.128610576601221	1.0551679518528876	0.47552091974375427	0.2965354205129399	0.30625956185152153	-0.10999286406226938
116	Paju-si	6	57	98	1	1.34	13.52	5.3	573	2. Low	-2.166166372463709	-0.39294929829934616	-0.16297383733800624	1.303492720144594	0.9582425642882331	0.017731411778208413	0.14765870581942242
117	Pocheon-si	11	31	33	2	0.89	18.92	8.2	209	3. Moderate	-1.5261421349502258e-4	0.03387767102260307	0.9073081611693801	0.34505424099317494	0.17140788554273328	-0.3250104585699523	0.0347229149172686
118	Pohang-si	50	66	117	4	1.51	16.44	8	877	4. High	-3.167743278735719	-1.7059998313722213	0.05655553021714038	0.2787156260730385	0.38003477170206335	0.17684393268337167	0.07074190796485126
119	Pyeongtaek-si	37	58	108	3	1.39	12.13	5.6	765	4. High	-2.9143601823973646	-0.8484527405582729	0.27089129958298536	0.762684757434896	0.49588748589456855	0.2507418719407807	-0.009866984428656293
120	Sacheon-si	2	18	20	0	1.84	21.17	11.7	191	2. Low	0.6180825123401373	0.9656588145312006	-0.7178830043899505	-0.4599713050895536	0.568033279974257	-0.05602589770335147	-0.04222026957207856
121	Saha-gu	10	26	42	2	1.34	17.76	8.1	541	3. Moderate	-0.6156170554587963	0.3187569840007863	0.24210874362003265	0.020194029303351332	-0.21001581397838925	0.06519167258153274	0.019301497722995973
122	Samcheok-si	1	19	17	0	1.01	24.26	13	94	2. Low	1.4162752001522443	0.25860804888244787	-0.07001968240929501	0.26074920211629626	0.30047820184086316	-0.16724872558623388	-0.028467067484985425
123	Sancheong-gun	1	13	11	0	0.65	35.42	20.6	72	2. Low	2.8778735387260697	-0.9655776137886405	-0.44879678629307934	-0.06147891263659534	-0.11601704477452035	0.009028504711184472	0.00941072386806157
124	Sangju-si	15	28	35	0	1.03	30.09	17.3	186	3. Moderate	1.4894084492080057	-0.8307727863342153	-0.6921337724887374	0.16463528845019812	0.3952162442541947	-0.07588637969702977	0.01636598847450107
125	Sasang-gu	2	21	31	3	0.78	17	8.1	317	2. Low	-0.0843448694754464	0.14197402826013553	1.3611010087682107	0.10971762537901486	-0.37162314323035484	0.04060837550026922	-0.12150960260441646
126	Seo-gu	31	11	9	0	1.02	24.36	12.3	235	4. High	1.5022203379823942	0.5725499109587306	-0.11377386947366247	0.1861357162520534	-0.17057313756918818	-0.0570747125348434	0.033799052867377534
127	Seo-gu	31	17	23	0	0.83	21.29	10.1	374	4. High	0.8952621509619413	0.4992628137461431	0.060116408454549214	0.7711250930095174	-0.25084041904798415	-0.018618698205635862	0.02799794193582699
128	Seo-gu	31	30	55	0	2.5	13.52	6.1	676	4. High	-1.5957833006526698	1.4621710951738032	-1.3779997825540689	-0.2054701431436639	0.6018545038278145	0.16162903059230477	0.07874747739838302
129	Seo-gu	31	44	80	0	1.4	10.02	3.9	670	4. High	-1.8849594101199032	0.6235468347959906	-0.3360369996932413	1.4861354692667685	0.6003784815028359	0.12218677390386495	-0.02132726780415964
130	Seo-gu	31	39	78	3	1.81	12.05	4.9	1123	4. High	-2.7706892346611642	0.1727601518517109	-0.21360785482959305	0.05255651631559222	-0.5671484913096002	0.3336326522722604	-0.023829687167040564
131	Seocho-gu	30	24	27	1	2.6	13.39	3.8	1465	4. High	-2.249653524126194	1.8673517628115475	-1.6648563595185966	-0.5371675093248691	-1.309532442274322	-0.21082381104512354	0.05877631153093618
132	Seodaemun-gu	18	19	25	6	1.12	16.77	6.2	587	3. Moderate	-1.0835671880031899	0.01800789578039463	1.9436981013237569	-1.1311574998655904	-1.2043087661264948	-0.004420680217687535	0.002415342755900631
133	Seongbuk-gu	18	29	49	6	1.02	16.15	6	729	3. Moderate	-1.6931795903090319	-0.511420366714104	1.8023388632098993	-0.6752352686572801	-1.1128696812949204	0.11921169343295107	0.021927930854480818
134	Seongdong-gu	8	21	30	2	0.97	14.76	5.3	593	3. Moderate	-0.5432555891168873	0.7550256750504125	0.8179288189240859	0.4938395283441974	-0.6480656185464184	-0.04292101549353866	-0.00874947516382317
135	Seongju-gun	22	12	15	0	0.59	30.89	15.9	84	4. High	2.340468283899006	-0.386035344865967	-0.015117096556365728	0.33760164773720647	-0.10526270474304755	0.03837421383655691	0.18460973481445678
136	Seongnam-si	118	72	127	3	2.08	13.52	5.6	2095	4. High	-4.952187854354284	-1.2845168078369555	-1.7988577522678313	0.714736486966306	-1.2325271097019983	0.15348296403240916	-0.013523235628197239
137	Seosan-si	8	29	39	1	1.3	18.01	8.4	261	3. Moderate	-0.15418462201830385	0.44842395714706107	0.18136890838803407	0.28618094291985896	0.4408326400739324	-0.12296935871351797	0.031570233850805374
138	Siheung-si	10	46	74	2	1.55	8.86	3.8	622	3. Moderate	-2.317614816683201	0.4358041400424743	0.29446369103328485	0.659756592609568	0.4904748461447301	-0.023829764096452547	-0.15801603304151562
139	Sokcho-si	3	12	11	0	1.54	18.33	9.7	165	2. Low	0.7689221646872857	1.3667212098437422	-0.17680623136945078	-0.11450763506410344	0.32017271606883935	-0.04605265669581028	-0.104122593298902
140	Songpa-gu	36	40	51	1	1.65	13.1	4.1	1527	4. High	-2.3913066278998407	0.6835228823845634	-1.064970659723103	0.8424959432031192	-1.37483646556435	-0.30461004435712147	-0.06700492424251256
141	Suncheon-si	2	42	61	3	1.94	15.2	8.3	452	2. Low	-1.7155570250576415	0.012055976283538942	0.07009420992277947	-0.6327045766275157	0.5960541466543755	-0.07053667105022055	-0.12877118952332642
142	Suseong-gu	2	34	49	1	2.28	15	6.9	948	2. Low	-1.7877541372165542	0.9431529880398755	-1.2169541420740098	-0.27742360880946365	-0.14210371406863298	-0.07609493560382262	-0.03176707423566086
143	Suwon-si	49	99	192	4	1.72	10.5	4.5	2082	4. High	-6.473780013451612	-2.7716344310964436	-1.309363643677814	1.6375827972744892	-0.4121930054617433	0.4952536329890093	0.03581211736468748
144	Suyeong-gu	9	10	22	0	1.56	20.4	8.2	395	3. Moderate	0.45905512669145915	1.277516558130785	-0.4173972817647438	0.012368615205862177	-0.06903865676134135	0.17444211600650705	0.28357095827640727
145	Taean-gun	1	19	20	0	0.83	29.98	13.8	112	2. Low	1.7924300831278002	-0.2550175112568638	-0.1614779471855347	0.30503136031456535	0.12349609854020005	-0.166751604768586	0.36311237902046456
146	Taebaek-si	1	12	12	1	1.16	23.88	12.8	64	2. Low	1.353572961125188	0.4178196443301785	0.24042233658054718	-0.32960980380714433	0.13333906254180383	0.0021855139623379594	-0.02076293889208164
147	Uijeongbu-si	27	33	62	1	1.59	14.61	6.4	729	4. High	-1.3929276745496821	0.5366879755940972	-0.39301392553506653	0.5094758935652685	0.03876566649811031	0.19486106357631902	0.03439962790354585
148	Uiseong-gun	41	16	16	0	0.32	40.26	23.7	108	4. High	3.3467890955250996	-1.7990148827653143	-0.5485380244455391	0.12236050075066536	-0.29886297615704427	0.02778663922160904	0.03454813024852653
149	Uiwang-si	5	14	24	1	1.09	12.99	5	189	2. Low	0.04833138630080516	1.4184025581684816	0.902125366733689	0.4979712558806338	0.13736948492771445	0.07887626930304069	-0.022895689599889836
150	Ulju-gun	3	30	49	2	1.74	13.94	6.7	260	2. Low	-1.0263260696889804	0.7322198267373622	0.324172957877003	-0.2623638982487503	0.6819202351533571	0.0659796099371283	-0.0311532055317524
151	Wonju-si	19	50	71	4	1.71	14.46	6.7	597	3. Moderate	-2.3278764629185313	-0.44742365759529396	0.49986545865069054	-0.42430475009997065	0.31660091999240453	-0.18316801968792715	-0.05847855034353913
152	Yangcheon-gu	21	30	43	0	2.26	13.55	5.5	816	4. High	-1.4860243703642677	1.4925233583606368	-1.244751945408416	0.03929974201240802	0.11489131940692365	-0.09615418340346697	0.02790910286591261
153	Yangju-si	2	33	48	1	1.16	15.23	6.3	252	2. Low	-0.5330705986920781	0.5035262721390263	0.4663183828511039	0.698437996214647	0.5725985533812095	-0.11727885448808938	0.05271674256029914
154	Yangsan-si	4	37	68	2	1.59	12.92	6.2	507	2. Low	-1.6209460139918326	0.33272870693127526	0.18283860942833519	0.23971677627142632	0.46347749926930115	0.19730009030501894	-0.0486238706481814
155	Yecheon-gun	6	12	15	1	1.09	29.79	18.4	97	2. Low	1.9865646545468314	-0.4449061166476572	-0.22844538501352984	-0.6044189308316196	0.009372661871784094	0.15800767425596926	-0.1581281037897274
156	Yeongcheon-si	36	18	23	1	0.83	27.32	15.3	192	4. High	1.4979174969445097	-0.4409144465387412	0.09444292155061482	0.020054268854561436	-0.09399417783318414	0.03624231255838262	-0.04378480577656262
157	Yeongdeok-gun	2	9	11	0	0.75	36.45	22.3	81	2. Low	3.061132502601812	-1.015287042974899	-0.6453344011812536	-0.30401306517769033	-0.15848035191720444	0.19545528336499968	-0.0672540116500059
158	Yeongdeungpo-gu	22	23	39	0	1.21	15.6	5.8	1001	4. High	-0.7602870232538383	0.9604323230955746	-0.5447296995046456	1.0748187507390152	-0.9118357565783042	0.05178123918692856	0.030543614241180003
159	Yeongju-si	5	19	26	2	1.61	26.22	13.2	191	2. Low	0.6363345516108798	-0.020742327411641816	-0.11055613860397198	-1.0059035175796531	0.19424384112176507	0.03219257815952442	0.19217578449129774
160	Yeongyang-gun	2	6	8	0	0.35	36.36	21.1	24	2. Low	3.3475472806834623	-1.0183994580687006	-0.14973986401755096	0.10973181972173524	-0.32896496912251094	0.20023231875470943	0.026958708310041574
161	Yeonje-gu	4	16	18	2	1.39	18.27	7.8	450	2. Low	-0.06337694106721826	0.8604879140465709	0.40768387785800525	-0.34050984480585794	-0.4206226230512643	-0.07199985596530714	0.033382929677544304
162	Yeonsu-gu	18	23	43	1	1.77	9.48	4	467	3. Moderate	-1.228930961629183	1.6005007534799014	0.104820587102456	0.21658910235845974	0.3270544847087331	0.16797399366502463	-0.11742473825140719
163	Yeosu-si	3	50	73	1	1.85	18.59	9.5	471	2. Low	-1.3882460858894894	-0.2768982642520142	-0.7879422697268526	0.1606890839102896	0.985227553692281	-0.1639455408245436	0.06453181234924302
164	Yongin-si	59	103	169	7	1.82	12.77	4.1	1429	4. High	-6.205697955205068	-3.099487208757859	0.22942852043874273	0.15168514314418552	0.2552951090541846	-0.1270248387117421	0.20499923174951318
165	Yongsan-gu	17	15	13	1	0.68	16.87	6.5	435	3. Moderate	0.44937549900049395	0.92122063091314	0.8360592528153986	0.7950206039342056	-0.6469365446506607	-0.1817179493785579	-0.024517201078056185
166	Yuseong-gu	19	38	75	5	1.54	9.04	3.3	586	3. Moderate	-2.690247801286155	0.08861540113393143	1.407603163200173	-0.3854892766752174	0.019610648360334992	0.3141932545067101	-0.07262056540015992
167	Yeongdo-gu	0	14	12	2	0.69	26.13	13.3	203	1. None	1.4078168138865421	-0.2566211653068894	0.7368100964986872	-0.16009656991860544	-0.4776204562812889	-0.07132828649772416	0.010612227526455381
168	Gwangsan-gu	0	45	90	4	2.32	9.1	4.6	640	1. None	-3.2247831882857554	0.2504594908706891	0.19307649773100694	-0.7585676633641165	0.6893899747284012	0.3958022984570823	-0.07415330105752735
169	Ganghwa-gun	0	20	19	1	0.68	31.97	13.9	107	1. None	1.7932547878449905	-0.6504344650348609	0.2366325151016705	0.08492463459604073	-0.09495050461353882	-0.23451427455082255	0.48031699244273984
170	Ongjin-gun	0	6	10	0	0.19	25.35	11.1	32	1. None	2.205128072732453	0.297894395662043	0.8647668740286522	0.996791747251597	-0.29116436172333016	0.0748316644809321	0.23175989168683594
171	Sejong_city	0	48	60	3	1.78	9.48	3.8	491	1. None	-2.352007281174814	0.4736898582764252	0.5614950167969376	-0.06010312963890981	0.6029277173398843	-0.3706770855729761	-0.1624798521258353
172	Yangpyeong-gun	0	22	25	1	0.78	24.66	11.1	178	1. None	1.0216275241506458	-0.08982059348354027	0.43464854302185707	0.3669834030150112	0.009556513016222179	-0.1673547041361905	0.20064533865709247
173	Yeoju-si	0	23	34	1	1	21.05	8.8	191	1. None	0.4325065390726955	0.2916384444311509	0.44088540921526576	0.39633462939832137	0.2328410838867338	-0.04281193163089972	0.227420845023612
174	Yeoncheon-gun	0	13	13	0	0.82	25.41	12.7	69	1. None	1.7516154552921868	0.305313015584787	0.14495505488469348	0.35166671117847736	0.09673958854533271	-0.05948251190293939	0.0967761229763747
175	Donghae-si	0	14	17	0	1.6	19.41	10.1	140	1. None	0.7241816482324162	1.197108180569857	-0.28685780003867134	-0.16835594088685926	0.4695592531703198	-0.0016069109216449717	-0.022198184176448227
176	Yanggu-gun	0	10	9	0	1.01	20.38	9.9	33	1. None	1.3593949894922253	1.036200901416955	0.3530216162840396	0.3188958913998017	0.22722322699233316	-0.04717407514321847	0.010501462458948854
177	Yangyang-gun	0	13	15	0	0.69	28.92	14.6	37	1. None	2.12498634119177	-0.13249041809829223	0.07058633100401496	0.3276042251755068	0.06874758834403816	-0.011669190979178437	0.1804570509920714
178	Yeongwol-gun	0	13	15	1	0.87	28.54	15.4	56	1. None	1.863362573943142	-0.2666826005641521	0.1987170531812654	-0.2133528618012025	-0.0024125045373646348	0.03874196665705776	0.0583626114241972
179	Jeongseon-gun	0	16	15	0	0.67	26.79	13.9	53	1. None	1.9098694246954782	-0.041843787090565694	0.159212711692621	0.4681919632044831	0.11026173334596145	-0.11144346478345198	0.05733356806792479
180	Cheorwon-gun	0	16	12	0	1.14	21.8	11.1	70	1. None	1.2421285993978914	0.7513173580958032	0.051518135868005965	0.18700891598083214	0.33603279532885943	-0.1836596965573712	-0.013406958379208675
181	Pyeongchang-gun	0	19	16	0	0.81	27.04	13.7	84	1. None	1.7285013158267866	-0.04808660861428941	-0.009478545379433878	0.36678686408852923	0.17481619231911494	-0.20778063552597614	0.10189665554065594
182	Hongcheon-gun	0	26	26	0	1.14	25.28	12.6	115	1. None	1.094816712643238	0.039363642180705115	-0.2772679646683254	0.2539669835075609	0.5070658721428402	-0.2668417101430285	0.1309835207931914
183	Hwacheon-gun	0	13	14	0	0.72	21.75	11.2	36	1. None	1.548586455953918	0.5678797766073482	0.4572976494447262	0.6112961790795691	0.16768930408585192	-0.03666069790565792	-0.04316769893540051
184	Hoengseong-gun	0	16	13	2	0.97	28.22	13.3	69	1. None	1.4210234337031276	-0.25502878659897965	0.5454403512775262	-0.534548165816476	-0.08781702533273561	-0.1558799803985817	0.24062772475268862
185	Boeun-gun	0	15	16	0	0.67	33.46	18.4	74	1. None	2.5221672816719263	-0.7690036259746138	-0.31141102108349555	0.11556314446185514	-0.013111683568991617	-0.006064816329007338	0.11620400811739304
186	Yeongdong-gun	0	14	14	1	0.94	30.32	16.1	108	1. None	1.900998915781138	-0.4031604265972602	-0.009792144612235376	-0.34286631696432024	-0.08083195832524992	-0.01839436390485516	0.11740920100733941
187	Okcheon-gun	0	12	17	1	0.63	28.83	14.9	107	1. None	1.9275043935618983	-0.3796511865465106	0.3758819762880111	0.08178904298840704	-0.21688847158459645	0.09343902545771464	0.1216898867435535
188	Jecheon-si	0	24	35	2	1.31	20.92	10.5	245	1. None	0.10688855190789492	0.10092034682896943	0.3569734047926918	-0.2999068261657999	0.18723106947994322	0.01955015988535656	0.031721227276799185
189	Gongju-si	0	28	34	2	1.16	25.2	11.7	221	1. None	0.42647896069281266	-0.3929712236672791	0.2901141280674066	-0.2713742098064247	0.15861539182877205	-0.1714992128772768	0.21922972724739423
190	Geumsan-gun	0	16	16	1	0.67	30.15	14.8	119	1. None	1.8797975891627694	-0.5055234574130191	0.2726060382658657	0.04634898807865466	-0.1827341634733467	-0.0932318094793301	0.22115687359588931
191	Nonsan-si	0	33	32	2	1.03	25.54	13.4	262	1. None	0.5115174880206181	-0.7239680324642624	0.23490541450107938	-0.16038170521222347	0.09372362492158332	-0.34212519616583253	-0.009428431219159244
192	Dangjin-si	0	30	35	1	1.2	18.14	7.9	265	1. None	-0.10303356222258903	0.4487894674469731	0.2914312155102773	0.39437542802963904	0.3607023801036302	-0.25824159018554554	0.05946222531052871
193	Boryeong-si	0	29	33	1	1.23	25.04	12.6	186	1. None	0.6433791439421035	-0.24235619660682686	-0.11810357076127684	-0.06089588290515732	0.40562846791852697	-0.21259072748457805	0.11855845161496775
194	Seocheon-gun	0	18	18	0	0.97	35.25	18.9	116	1. None	2.351262712259307	-0.8422266240666276	-0.7181805134233321	-0.21624798020285121	0.0965387406030393	-0.08021153105162326	0.23403174349244782
195	Yesan-gun	0	24	26	0	0.95	30.27	14.5	156	1. None	1.5717026775177028	-0.4537794516816128	-0.4002601283572992	0.2475983903170681	0.24005615983198714	-0.20663783625924406	0.32083546751212794
196	Cheongyang-gun	0	12	13	1	0.6	34.51	18	62	1. None	2.5132899539623503	-0.9107911387401035	0.10954794279810731	-0.20363677770486052	-0.2555070466859636	0.02918943937847763	0.23114869500646507
197	Gochang-gun	0	21	22	0	0.95	33.33	20.6	123	1. None	2.2679996761955876	-1.0051447802563296	-0.7681920315187607	-0.15519818692296766	0.2038553796101173	-0.025213744150057046	-0.12359362744984712
198	Namwon-si	0	27	28	0	1.42	27.25	16.3	186	1. None	1.1737937812558445	-0.27681939658751464	-0.8631804277916003	-0.20457134628007656	0.5377823562802869	-0.16619256204689983	-0.10240167471325409
199	Muju-gun	0	10	9	0	0.74	32.71	18.7	53	1. None	2.6737171116963814	-0.5156756322873209	-0.29724687983285036	-0.06209456526274151	-0.07702143100036596	0.05597498457385478	0.015174533176143992
200	Buan-gun	0	22	25	0	0.99	32.2	19.1	118	1. None	2.0389697465923415	-0.8538560738433557	-0.6944065933989221	-0.07706461668020086	0.2850112041337199	-0.03347636965288714	-0.029357165333052618
201	Sunchang-gun	0	15	15	0	0.7	32.97	20.2	72	1. None	2.616549599932718	-0.8630731104151208	-0.41570507781372995	0.012442780304579001	0.015171811799106871	0.04009565360485471	-0.13605595243892815
202	Wanju-gun	0	29	37	3	1.52	22.38	9.8	170	1. None	-0.22628918893395455	-0.11860433705369466	0.5405091993178762	-0.8246312921190208	0.36787729289425236	-0.14980204436064798	0.24546556825559038
203	Imsil-gun	0	15	14	1	0.55	34.82	20.1	79	1. None	2.6071547790954006	-1.2127191527248957	-0.008119064071229198	-0.20173691800956564	-0.2414732212095123	0.004467092065575551	-0.0044029863646172715
204	Jangsu-gun	0	8	8	0	0.58	32.87	19.1	44	1. None	2.858535426140834	-0.5859838971583272	-0.16232240052528762	0.05981154498982699	-0.17977677705940298	0.11709275502953416	-0.02903712120168009
205	Jeongeup-si	0	34	39	1	1.64	26.92	15.9	256	1. None	0.4893377960349262	-0.5875387188461043	-0.8247767689734192	-0.5721308888682578	0.6038774078729051	-0.1871996658427116	-0.05957559005879662
206	Jinan-gun	0	13	12	0	0.39	33.8	19.5	54	1. None	2.8747012931784433	-0.9375167050642187	-0.09801889360355825	0.3080033448855295	-0.17866467290172217	0.013646990899589468	-0.022911940772451206
207	Gangjin-gun	0	14	14	0	0.79	33.87	21.7	71	1. None	2.7442015597790954	-0.9520372972645141	-0.5940910045816497	-0.18807544322598563	0.029002238481162235	0.0928931993823707	-0.22232806572037486
208	Goheung-gun	0	17	21	0	0.71	40.04	24.5	141	1. None	3.0637822667951142	-1.723566063816708	-0.9737795309870363	-0.2698444544094531	-0.10224154290105048	0.12601887372116738	-0.014200941446726352
209	Gokseong-gun	0	8	8	1	0.87	35.16	22.5	70	1. None	2.8323947360596975	-1.0215464909490357	-0.3613644065029504	-0.7740380658847041	-0.23708384404372695	0.21435460173808515	-0.21162794977902044
210	Gurye-gun	0	10	12	0	0.79	33.3	19.4	57	1. None	2.6820874112360626	-0.6126512542382044	-0.4085898363681744	-0.1372344622326294	-0.03775584581938052	0.1307118729070348	0.0073997867388564675
211	Naju-si	0	24	30	3	1.4	22.16	13.2	214	1. None	0.2051726627597751	-0.26452536697684	0.4703269497964976	-0.9172717365138506	0.1057616100839221	0.005571775351956102	-0.2019855813490602
212	Damyang-gun	0	14	15	1	0.28	30.27	16.3	98	1. None	2.2748319546446063	-0.7890951869745236	0.5597619048436365	0.3681591359434081	-0.3649560733293764	0.001495537678526641	0.022111877879675217
213	Boseong-gun	0	17	19	0	0.65	37.43	23.8	98	1. None	2.987418514842129	-1.5272635674152553	-0.7551477380052826	-0.13873246904302633	-0.03305417521571363	0.09962398766255132	-0.1679081291462024
214	Sinan-gun	0	19	22	0	0.2	35.18	21	77	1. None	2.8824722470508073	-1.4973752693812599	-0.14143675448080167	0.5569610698824216	-0.1290709027031648	0.023534356889829848	-0.07800279749029479
215	Yeonggwang-gun	0	13	15	1	1.24	28.4	17.3	116	1. None	1.7248468728142752	-0.2219306779200072	-0.2794727361593843	-0.6690070159651058	0.07773374836079605	0.10861707144001606	-0.14172813156885045
216	Yeongam-gun	0	16	18	2	0.82	25.99	15.6	100	1. None	1.463959847512195	-0.4666990424667253	0.5768185383106967	-0.36475190139681457	-0.11951731868028936	0.051226019454167944	-0.2098830522028068
217	Wando-gun	0	21	24	0	0.65	31.55	17.9	96	1. None	2.168167611742331	-0.8679244573070217	-0.28432166582322566	0.3326001305684434	0.14008174539423057	-0.05113206343413016	0.0183104981782335
218	Jangseong-gun	0	13	16	0	0.83	28.75	16.8	80	1. None	2.1361136789382478	-0.24590419336479052	-0.2097317197789203	0.11054501914399224	0.08247510305678207	0.0854092428161758	-0.07432769700290834
219	Jangheung-gun	0	15	16	0	0.67	33.21	21.6	80	1. None	2.719553879402002	-1.0208444221122805	-0.4838330139896631	-0.009617213296626168	7.242976976951088e-4	0.10211938451293617	-0.27639250759707806
220	Jindo-gun	0	10	13	0	0.78	32.97	22	68	1. None	2.824482669962328	-0.8279978936904835	-0.5445569807400203	-0.21554657919298012	-0.03129472002497202	0.24055145518644336	-0.31882852262477945
221	Hampyeong-gun	0	11	12	0	0.49	35.45	22	76	1. None	3.088046778189584	-1.1359090599100026	-0.3820323636798167	0.040953115546079236	-0.21564522457677582	0.14503871449133926	-0.1521811922353542
222	Haenam-gun	0	20	21	0	0.91	31.45	20	135	1. None	2.1814067739050804	-0.8420352367058234	-0.6454116005004293	-0.0524186833289243	0.162524877338716	-9.142318418357623e-4	-0.2224769231648921
223	Ulleung-gun	0	4	6	0	0.21	24.81	10.7	11	1. None	2.249417262299197	0.466304757235924	0.9285142613020358	0.9491543890043084	-0.3079831438127001	0.0617597451776572	0.22520483550786494
224	Uljin-gun	0	13	16	0	1.01	27.3	17.6	83	1. None	2.0177572816037173	-0.13452463077633947	-0.3668731800640872	-0.07984762275067393	0.19088353958575166	0.13484089607987737	-0.2710791435793388
225	Uiryeong-gun	0	13	10	0	0.63	35.95	24.2	60	1. None	3.178840180828333	-1.2901204341955768	-0.6299656794506081	-0.2149127489722527	-0.09760445746451041	0.09799463932689656	-0.36753803254219336
226	Tongyeong-si	0	20	29	0	1.7	18.47	9.8	230	1. None	0.2545741661575827	1.039468368783758	-0.481343087974748	-0.06182499925656281	0.5774052740272194	0.028969842153631804	-0.034986373997951216
227	Hadong-gun	0	16	15	0	0.84	32.89	19.1	94	1. None	2.420559656881768	-0.7175402528822846	-0.5019114750769589	-0.0735201675661057	0.052378398183836716	-0.028585407174426883	-0.009043992331854739
228	Jeju-do_city	0	113	123	4	1.53	15.1	6.4	1245	1. None	-4.733244372029199	-2.7106445520720923	-0.4840477048587416	1.0009226680155132	0.5790435772602831	-1.425165335660322	-0.14350117034223003
